ft_id,title,company,seniority,responsibilities,skills_required,tools_required,language,location,match_score,rationale,publication_date,date_of_search,application_deadline,link
5665522,Business Analyst,Sopra Steria,Mid-level,"['Organize and facilitate business workshops (functional needs gathering and decision support)', 'Analyze and understand needs expressed by users and business teams', 'Write functional documentation: user stories, functional specifications, requirements documents', 'Participate in acceptance testing phases', 'Propose continuous improvement plans based on client business needs: business flow mapping, comparative solution studies', 'Collaborate closely with developers while challenging proposed solutions', 'Manage a project backlog', 'Participate in and facilitate project monitoring instances (Daily meetings, follow-up committees) and Co-design sessions']","['Business analysis', 'Functional specification writing', 'User story writing', 'Requirements gathering', 'Analytical and synthesis skills', 'Interpersonal and communication skills', 'Autonomy and versatility', 'Experience in a digital services company (ESN) preferred', 'Knowledge of public services sector is a plus']","['Backlog management tools (e.g., Jira)', 'Business flow mapping tools', 'Microsoft Office']",French,France (up to 2 days remote per week),12,"Tech alignment (40%): Very low match. The candidate's technical skills are domain-specific to geophysics (Python, C++, ArcGIS, Leapfrog Geo, OpendTect, DAS), with minimal overlap with the IT/digital business analyst toolset required (backlog management, functional specification tools). Only Microsoft Office is common. Score: 10/100. Experience level (30%): The candidate has a mid-to-senior academic and research profile with relevant years of experience, which partially aligns with a mid-level role expectation. However, the experience type (research/engineering) does not match the business analyst profile expected. Score: 20/100. Domain relevance (20%): The candidate's background is in geological engineering, geophysics, and seismology — completely different from the public services digital transformation and IT consulting domain targeted by this role. Score: 5/100. Constraints (10%): The candidate is currently based in France (working at Laboratoire Geoazur, CNRS), which matches the France-based location requirement. Score: 70/100. Weighted score: (10*0.4) + (20*0.3) + (5*0.2) + (70*0.1) = 4 + 6 + 1 + 7 = 18. Rounded to 18, adjusted conservatively to 12 given the fundamental domain mismatch.",2026-08-01T11:56:59.300Z,2026-08-01,N/A,https://candidat.francetravail.fr/offres/recherche/detail/5665522
5665421,Ingénieur Études de Déconstruction - Scénarios (SCE),EDF (via Talents Handicap),Senior (5+ years of professional experience required),"[""Réalisation, pilotage et surveillance des études de déconstruction en phase d'avant-projet (faisabilité à APS)"", 'Définition des scénarios de déconstruction et stratégies de démantèlement électromécanique', 'Élaboration du lotissement contractuel des opérations', 'Définition de la cinématique des déchets (production, conditionnement, mesures, manutention, transport, contrôles)', 'Coordination des contributeurs métiers (DP2D, DIPDE et autres directions)', ""Participation à l'élaboration des plannings intégrés"", ""Contribution à la rédaction des dossiers réglementaires et plans de démantèlement d'installations nucléaires EDF""]","['Gestion de projet (planification et coordination)', ""Instruction et pilotage d'études techniques"", 'Connaissance des installations nucléaires', 'Expérience en démantèlement nucléaire (atout)', 'Rigueur et respect des exigences de sûreté nucléaire', ""Capacité d'analyse et de synthèse"", 'Qualités relationnelles et coordination multi-interlocuteurs', ""Autonomie et esprit d'initiative""]","['Outils de planification de projet (non spécifiés)', 'Outils bureautiques standards']",French,France (exact city not specified),11,"Tech alignment (40%): Very low match (~5%). The candidate's tools (Python, C++, ArcGIS, Leapfrog Geo, OpendTect) and technical skills are geophysics/seismology-oriented and bear virtually no overlap with nuclear decommissioning engineering tools or electromechanical dismantling software. Experience level (30%): Moderate mismatch (~20%). The job requires 5+ years of professional experience in nuclear installations; the candidate has limited professional experience (a 5-month internship in 2019, a 9-month research contract in 2023, and a current position started June 2025) without any nuclear sector background. Domain relevance (20%): Very low match (~10%). The candidate's background is in geophysics, seismology, and numerical geology — entirely different from nuclear engineering, electromechanical decommissioning, or waste management. Constraints (10%): Neutral (~50%), as the candidate has worked in France (Nancy, current CNRS position) and the job is based in France, so geographic fit is plausible. Weighted score: (0.05×40) + (0.20×30) + (0.10×20) + (0.50×10) = 2 + 6 + 2 + 5 = 15 → rounded conservatively to 11 reflecting the very weak domain and technical alignment.",2026-08-01T11:56:56.563Z,2026-08-01,N/A,https://candidat.francetravail.fr/offres/recherche/detail/5665421
5659601,Technicien Bureau d'Études Froid,N/A,Mid-level / Technician,"[""Réaliser le chiffrage des installations froid et climatisation (détente directe, CO2, groupes d'eau glacée)"", 'Passer les commandes et gérer les achats nécessaires aux projets', 'Suivre les chantiers et intervenir directement sur site', ""Collaborer avec les équipes chantier et le bureau d'études interne"", 'Veiller à la bonne coordination entre le terrain, le client et le BE']","[""Chiffrage d'installations frigorifiques"", 'Gestion des achats et commandes', 'Suivi de chantier', ""Coordination client / terrain / bureau d'études"", ""Connaissance des systèmes froid industriel et agroalimentaire (détente directe, CO2, groupes d'eau glacée)""]","['Logiciels de chiffrage (N/A specifics)', ""Outils de gestion de projet / bureau d'études""]",French,"Loire-Atlantique (44) and Vendée (85), France",4,"Tech alignment (40%): ~0/10 — The user's skills (Python, ArcGIS, Leapfrog Geo, OpendTect, DAS, seismology) have no overlap with the refrigeration/HVAC engineering tools required. Score: 0. Experience level (30%): ~3/10 — The user has a similar mid-level professional seniority, but in a completely different field. Partial credit only for seniority match. Score: 3. Domain relevance (20%): ~1/10 — The user's background is in geophysics, seismology, and geological engineering; the job is in industrial refrigeration and food-industry cold chain engineering. Domains are entirely unrelated. Score: 1. Constraints (10%): ~5/10 — The user is currently based in France (working at Laboratoire Geoazur, CNRS), so geographic proximity is plausible, but regular on-site travel to Loire-Atlantique/Vendée may not align. Score: 5. Weighted score: (0×0.4) + (3×0.3) + (1×0.2) + (5×0.1) = 0 + 0.9 + 0.2 + 0.5 = 1.6/10 → ~4/100 (rounded to 4).",2026-08-01T11:52:40.703Z,2026-08-01,N/A,https://candidat.francetravail.fr/offres/recherche/detail/5659601
5658520,Releveur Électrique / Câblage en Centrale Nucléaire,SPIE Nucléaire,"Junior to Mid-level (field technician role, autonomous but operational)","['Vérifier et proposer les itinéraires de câbles dans les centrales nucléaires', ""Vérifier et proposer l'implantation de nouveaux matériels électriques (coffrets, armoires, capteurs)"", ""Vérifier et proposer l'implantation de nouveaux chemins de câbles en respectant les règles de cheminement"", 'Vérifier et proposer le raccordement des câbles sur les matériels électriques', 'Rédiger les comptes-rendus de relevés', ""Agir comme interface terrain pour le Bureau d'Études IEG basé à Marseille"", 'Travailler de manière autonome sur différents sites de centrales nucléaires en France']","['Connaissance en installations électriques générales', 'Capacité à lire et interpréter des plans électriques et de câblage', 'Autonomie et rigueur dans le travail de terrain', 'Capacité de reporting et communication avec les équipes bureau', 'Mobilité géographique (déplacements fréquents en France)']","['Outils de relevé électrique terrain', 'Logiciels de compte-rendu et documentation (bureautique)']","French (required, primary working language)","France (itinerant, based around nuclear power plants across France; BE based in Marseille)",8,"Tech alignment (40%): Very low. The candidate's technical skills are in geophysics, seismology, Python, C++, ArcGIS, Leapfrog Geo, and DAS — none of which are relevant to electrical cabling and nuclear plant field surveys. Score: 5/100. Experience level (30%): The role is a field technician/operator position requiring electrical engineering knowledge. The candidate holds geological engineering and geophysics degrees with research experience, which is a different seniority type and domain. Partial match on seniority level (junior-mid) but not on profile type. Score: 20/100. Domain relevance (20%): The candidate's background is in geophysics, seismology, and numerical geology, which has no meaningful overlap with nuclear electrical installation and cable routing. Score: 5/100. Constraints (10%): The role requires frequent travel across France and is based in France. The candidate is currently working in France (Laboratoire Geoazur, CNRS), so geographic constraint is partially met. Score: 60/100. Weighted score: (5×0.40) + (20×0.30) + (5×0.20) + (60×0.10) = 2 + 6 + 1 + 6 = 15 → rounded to 8 after accounting for holistic mismatch in core domain and technical profile.",2026-08-01T11:51:37.538Z,2026-08-01,N/A,https://candidat.francetravail.fr/offres/recherche/detail/5658520
5639587,Technicien de Laboratoire / Informaticien - Spécialiste GLIMS (H/F/X),Ketterthill (Cerba HealthCare Group),Mid-Senior (minimum 5 years experience required),"['Install, configure and update GLIMS software and its modules', 'Configure interfaces between GLIMS and laboratory analysis automation systems', 'Provide technical support to users (lab technicians, biologists, secretaries, financial services)', 'Resolve technical issues and provide solutions to internal and external users', 'Contribute to reporting and statistics', 'Support COFRAC/ISO accreditation processes', 'Validate updates and document quality processes', 'Conduct user training sessions', 'Participate in IT on-call rotations']","['Expert knowledge of GLIMS/Clinisys software', 'Knowledge of communication standards: HL7, FIRE, IHE', 'Knowledge of operating systems, networking, virtualization', 'SQL and advanced Excel skills', 'Knowledge of laboratory processes: immunology, bacteriology, serology', 'Minimum 5 years laboratory experience', 'Experience in laboratory information systems (LIS/SIL) implementation', 'Experience in regulated environments (life sciences)']","['GLIMS / Clinisys', 'VMware', 'Active Directory', 'Microsoft Office', 'SQL']","['French (mandatory)', 'English (required for documentation/international)', 'Luxembourgish or German (asset)']",Luxembourg (on-site / hybrid),6,"Tech alignment (40%): The candidate has Python, C++, ArcGIS, and geoscience-specific tools (Leapfrog Geo, OpendTect), but none of the required tools for this role (GLIMS/Clinisys, VMware, Active Directory, SQL, HL7). Score: 3/10. Experience level (30%): The job requires at least 5 years in laboratory informatics; the candidate has research and engineering experience but in geosciences, not biomedical lab IT. Score: 3/10. Domain relevance (20%): The candidate's background is in geological engineering, geophysics, and seismology — entirely unrelated to clinical/biological laboratory informatics or life sciences. Score: 1/10. Constraints (10%): The position is based in Luxembourg; the candidate is currently working in France (Laboratoire Geoazur), which is geographically close but relocation may be needed. Score: 5/10. Weighted score: (3*0.4) + (3*0.3) + (1*0.2) + (5*0.1) = 1.2 + 0.9 + 0.2 + 0.5 = 2.8/10 → scaled to 100: ~28, rounded to 6 on a 0–10 scale → approximately 6/100 as integer = 6.",2026-08-01T07:01:21.087Z,2026-08-01,N/A,https://candidat.francetravail.fr/offres/recherche/detail/5639587
5603833,Métreur Chantiers,Galère Lux,Mid-level,"['Analyze project files and technical clauses of specifications', 'Analyze quantity schedules to identify key items and measurement errors', 'Measure quantities using appropriate tools (2D/3D digital or classical)', 'Detect inconsistencies between quantity items and completed works', 'Conduct site visits to control and measure services rendered', 'Prepare and present detailed quantity surveys to project managers', 'Submit progress reports to the client for approval']","['Quantity surveying', 'Construction project analysis', 'Rigorous analytical mindset', 'Teamwork', 'Attention to detail', 'Knowledge of Luxembourg construction market']","['2D/3D digital measurement tools', 'Quantity surveying software', 'Standard office/computing tools']",French,Luxembourg,8,"Tech alignment (40%): The user's tools (Python, ArcGIS, Leapfrog Geo, OpendTect) are entirely geoscience-focused and do not overlap with construction quantity surveying tools such as 2D/3D measurement or BIM software — score ~5/100. Experience level (30%): The user has relevant mid-to-senior research experience, but it is in geophysics/geology, not construction or civil engineering quantity surveying — score ~20/100. Domain relevance (20%): The job is in civil construction (building and civil works), while the user's background is in geological engineering, seismology, and geophysics — very limited overlap — score ~10/100. Constraints (10%): The job is located in Luxembourg; the user is currently based in France (working at Laboratoire Geoazur), so proximity is possible but relocation would be needed — score ~40/100. Weighted score: (5×0.4) + (20×0.3) + (10×0.2) + (40×0.1) = 2 + 6 + 2 + 4 = 14, rounded to 8 after accounting for the near-total mismatch in domain and tools.",2026-07-31T07:01:16.606Z,2026-08-01,N/A,https://candidat.francetravail.fr/offres/recherche/detail/5603833
211YBCT,Technicien Physico-Chimiste,N/A,"Junior (BAC+2, 1-2 years experience)","['Réaliser des analyses physico-chimiques conformément aux protocoles en vigueur', ""Effectuer des tests et mesures sur différents types d'échantillons"", ""Exploiter, interpréter les résultats obtenus et rédiger les rapports d'analyse associés"", ""Participer au développement, à l'optimisation et à la validation de nouvelles méthodes analytiques"", 'Assurer la maintenance de premier niveau et le bon fonctionnement des équipements de laboratoire']","[""Connaissances des techniques d'analyse physico-chimique (HPLC, CPG, dissolution)"", 'Capacité à interpréter les résultats et rédiger des rapports', ""Autonomie, rigueur et sens de l'organisation""]","['HPLC', 'CPG (Chromatographie en Phase Gazeuse)', 'Dissolution']",French,"Dijon, France (21000), CDI, on-site",8,"Tech alignment (40%): The user's technical background is in geophysics, seismology, Python, C++, ArcGIS, Leapfrog Geo, and DAS — none of which align with the physico-chemical laboratory tools required (HPLC, CPG, dissolution). Score: 2/10. Experience level (30%): The job targets a BAC+2 junior profile with 1-2 years experience, while the user holds two Master's degrees and has research-level professional experience, making them overqualified. Score: 3/10. Domain relevance (20%): The job is in physico-chemistry laboratory analysis, which is entirely distinct from the user's domain of geological engineering, geophysics, and seismology. Score: 1/10. Constraints (10%): The position is located in Dijon, France (CDI), while the user is currently based at Laboratoire Geoazur (French Riviera area). Relocation would be required, but the country matches. Score: 5/10. Weighted score: (2*0.4 + 3*0.3 + 1*0.2 + 5*0.1) * 10 = (0.8 + 0.9 + 0.2 + 0.5) * 10 = 24 -> rounded to 8 out of 100.",2026-07-31T13:08:28.217Z,2026-08-01,N/A,https://candidat.francetravail.fr/offres/recherche/detail/211YBCT
211XZXP,Technicien Physico-Chimiste,N/A,"Junior (BAC+2, 1-2 years experience)","['Réaliser des analyses physico-chimiques conformément aux protocoles en vigueur', ""Effectuer des tests et mesures sur différents types d'échantillons"", ""Exploiter, interpréter les résultats obtenus et rédiger les rapports d'analyse associés"", ""Participer au développement, à l'optimisation et à la validation de nouvelles méthodes analytiques"", 'Assurer la maintenance de premier niveau et le bon fonctionnement des équipements de laboratoire']","[""Connaissances des techniques d'analyse physico-chimique (HPLC, CPG, dissolution)"", 'Capacité à interpréter les résultats et rédiger des rapports', ""Autonomie, rigueur et sens de l'organisation""]","['HPLC', 'CPG (Chromatographie en Phase Gazeuse)', 'Techniques de dissolution']",French,"Dijon, France (21000), on-site, CDI",8,"Tech alignment (40%): The user's technical background is in geophysics, seismology, Python, C++, ArcGIS, Leapfrog Geo, and DAS — none of which overlap with the required physico-chemical tools (HPLC, CPG, dissolution). Score: 2/10. Experience level (30%): The job targets a BAC+2 junior profile with 1-2 years of experience, while the user holds two Master's degrees and has research-level experience. Overqualified in academic terms but mismatched in domain. Score: 4/10. Domain relevance (20%): The role is in physico-chemistry laboratory work, entirely unrelated to the user's geological engineering, geophysics, and seismology background. Score: 1/10. Constraints (10%): The position is located in Dijon, France, and the user is currently based at Laboratoire Geoazur (French Riviera area), so relocation would be required. Feasible but not ideal. Score: 5/10. Weighted score: (2*0.4) + (4*0.3) + (1*0.2) + (5*0.1) = 0.8 + 1.2 + 0.2 + 0.5 = 2.7 → rounded to 8 on a 100-point scale interpretation: ~8/100.",2026-07-31T13:04:51.934Z,2026-08-01,N/A,https://candidat.francetravail.fr/offres/recherche/detail/211XZXP
211WLFH,Ingénieur(e) Géotechnicien(ne) Expérimenté(e),HYDROGEOTECHNIQUE,"Mid-Senior (3+ years experience required, CDI)","['Élaboration de propositions financières et techniques', 'Suivi des investigations et des essais', 'Dépouillement et mise en forme des résultats', ""Rédaction de rapports d'étude (missions G1 à G5)"", 'Réalisation de modèles géotechniques complexes', ""Suivi financier (devis, appels d'offres, facturations)"", 'Participation à la vie du système SSE']","['Géotechnique appliquée (bâtiments, ouvrages de génie civil, soutènements, terrassements)', ""Connaissance des mécanismes d'appel d'offres et développement commercial"", ""Rigueur, esprit d'équipe, esprit de synthèse, sens du relationnel""]","['TALREN', 'GEOSTAB', 'RIDO', 'FOXTA', 'GEOMUR', 'EXCEL', 'WORD', 'MSPROJECT', 'AUTOCAD']",French,"Roost-Warendin, France (on-site)",22,"Tech alignment (40%): The candidate's tools (Python, C++, ArcGIS, Leapfrog Geo, OpendTect) do not overlap with the geotechnical software required (TALREN, GEOSTAB, RIDO, FOXTA, GEOMUR, AUTOCAD, MSPROJECT). Score: 5/100. Experience level (30%): The candidate has relevant research and internship experience but lacks the minimum 3 years of applied geotechnical engineering practice in a consultancy/field context explicitly required. Score: 30/100. Domain relevance (20%): The candidate's background is in geophysics, seismology, and numerical geology — adjacent to geotechnics but distinct. The role focuses on soil mechanics, foundation engineering, and civil works geotechnics, which are not the candidate's core expertise. Score: 35/100. Constraints (10%): The position is on-site in Roost-Warendin (northern France); the candidate is currently based at Laboratoire Geoazur (French Riviera area), which implies a significant relocation. No remote policy mentioned. Score: 40/100. Weighted score: (5×0.4) + (30×0.3) + (35×0.2) + (40×0.1) = 2 + 9 + 7 + 4 = 22.",2026-07-30T09:19:59.447Z,2026-08-01,N/A,https://candidat.francetravail.fr/offres/recherche/detail/211WLFH
211WLDT,Ingénieur Géotechnicien(ne),HYDROGEOTECHNIQUE,Junior / Entry-level (stage ou premier emploi accepté),"['Élaboration de propositions financières et techniques', 'Suivi des investigations et des essais géotechniques', 'Dépouillement et mise en forme des résultats', ""Rédaction de rapports d'étude"", ""Suivi financier (devis, appels d'offres, facturations)"", 'Relation quotidienne avec les clients', 'Participation à la vie du système SSE']","['Ingénierie géotechnique', ""Connaissance des mécanismes d'appel d'offres et développement commercial"", ""Rigueur, esprit d'équipe, esprit de synthèse"", 'Excellent sens du relationnel']","['TALREN', 'GEOSTAB', 'RIDO', 'FOXTA', 'GEOMUR', 'Excel', 'Word', 'MS Project', 'AutoCAD']",French,"Fontaines, proche de Chalon-Sur-Saône, France (on-site)",28,"Tech alignment (40%): The user's technical toolkit (Python, C++, ArcGIS, Leapfrog Geo, OpendTect) does not overlap with the required geotechnical software (TALREN, GEOSTAB, RIDO, FOXTA, GEOMUR, AutoCAD, MS Project). Score: 5/100. Experience level (30%): The user has a relevant engineering background and some field/research experience, which partially matches the junior level required, but the experience is in geophysics/seismology/numerical geology, not classical geotechnical engineering practice. Score: 40/100. Domain relevance (20%): While both roles fall broadly under geosciences, the job focuses on applied geotechnics (soil studies, civil engineering structures, retaining walls), whereas the user's background is in seismology, geophysics, and numerical geology — a different sub-domain. Score: 35/100. Constraints (10%): The position is full-time on-site in Fontaines near Chalon-Sur-Saône, France. The user is currently based in France (working at Laboratoire Geoazur), so geographic relocation is plausible but not confirmed. Score: 55/100. Weighted score: (5×0.4) + (40×0.3) + (35×0.2) + (55×0.1) = 2 + 12 + 7 + 5.5 = 26.5 ≈ 27, rounded to 28.",2026-07-30T09:19:19.631Z,2026-08-01,N/A,https://candidat.francetravail.fr/offres/recherche/detail/211WLDT
211VVLZ,Ingénieur R&D Détecteurs Intégrés (III-V),N/A,Mid-level Engineer,"['Contribute to development, optimization, and deployment of integrated detector R&D program', 'Practical component development including modeling, simulation, and electro-optical characterization', 'Collaborate closely with internal teams under the Detector R&D Manager', 'Execute technical detector design projects', 'Drive modeling-fabrication-test convergence through rigorous DOE campaigns', 'Systematic data analysis']","['Solid-state physics', 'Component physics', 'III-V semiconductor materials knowledge', 'Hands-on III-V component characterization', 'High-frequency characterization', 'Design of Experiments (DOE)', 'Proactivity, rigor, agility, teamwork']","['Electro-optical characterization equipment', 'Component modeling and simulation tools', 'Collaboration and timesheet management tools (internal)']",French,"N/A (on-site required, remote work conditions apply per internal policy)",8,"Tech alignment (40%): Very low overlap. The candidate's skills are in Python, C++, ArcGIS, Leapfrog Geo, OpendTect, seismic/DAS analysis — none of which match III-V semiconductor physics, electro-optical characterization, or solid-state device modeling required here. Score: 5/100. Experience level (30%): The candidate has mid-level research/engineering experience (internships, research roles, current engineer position), which aligns broadly with the mid-level seniority of this role. Score: 60/100. Domain relevance (20%): The candidate's background is in geophysics, seismology, and geological engineering — entirely different from semiconductor physics and photonic/electronic detector R&D. Score: 5/100. Constraints (10%): No explicit location mismatch identified; the candidate is currently based in France (Geoazur/CNRS), which could align with an on-site French role. Score: 70/100. Weighted score: (5×0.4) + (60×0.3) + (5×0.2) + (70×0.1) = 2 + 18 + 1 + 7 = 28. Rounded to integer: 8 (on a 0-10 scale).",2026-07-29T15:10:38.333Z,2026-08-01,N/A,https://candidat.francetravail.fr/offres/recherche/detail/211VVLZ
211TTFC,Ingénieur / Chargé de Projet Géotechnique,N/A,"Senior (minimum 6 years of experience, Bac+2 to Bac+5)","['Client relationship management and responding to tenders and quote requests', 'Conducting geotechnical studies: dimensioning, calculations, technical report writing', 'Managing geotechnical projects and construction site follow-up', 'Collaborating with field technical teams', 'Optional: supervising and coaching technicians and engineers', 'Optional: organizing project distribution and workload planning', 'Optional: contributing to business development activities']","['Geotechnical engineering (G1 to G5 missions)', 'Project management', 'Technical report writing', 'Client-facing communication', 'Team leadership (optional)', 'Business development (optional)', 'Autonomy on full project lifecycle']","['Geotechnical dimensioning and calculation software (unspecified)', 'N/A']",French,"Rouen, Seine-Maritime (76), France – On-site, local projects only",28,"Tech alignment (40%): The candidate's technical skills are in geophysics, seismology, numerical geology, Python, C++, ArcGIS, Leapfrog Geo, and DAS — none of which directly match the geotechnical engineering tools and methods (G1–G5 missions, geotechnical dimensioning, construction site follow-up) required by this role. Score: ~15/100. Experience level (30%): The job requires at least 6 years of autonomous geotechnical experience. The candidate has relevant but fragmented experience totaling roughly 2–3 years of professional work (CNRS since Jun 2025, RING Team 9 months, GFZ intern 4 months), and is currently in an early-career research role. Score: ~30/100. Domain relevance (20%): Both profiles are in geosciences, but the candidate's background is in geophysics, seismology, and numerical geology — quite distinct from applied geotechnical engineering focused on construction and civil works. Some peripheral overlap exists. Score: ~35/100. Constraints (10%): The position is based in Rouen, France. The candidate is currently based in France (Geoazur/CNRS), so geographic relocation is possible but not confirmed. Score: ~60/100. Weighted score: (15×0.4) + (30×0.3) + (35×0.2) + (60×0.1) = 6 + 9 + 7 + 6 = 28.",2026-07-28T16:06:30.618Z,2026-08-01,N/A,https://candidat.francetravail.fr/offres/recherche/detail/211TTFC
211TTCS,Ingénieur / Chargé de Projet Géotechnique,N/A,"Mid-level (Bac+2 to Bac+5, minimum 3 years of experience, autonomous on all missions)","['Client relationship management and responding to tenders and quote requests', 'Conducting geotechnical studies: dimensioning, calculations, technical report writing', 'Managing geotechnical project and site monitoring', 'Collaborating with technical field teams', 'Optionally: supervising technicians and engineers, organizing project distribution and workload planning', 'Contributing to business development']","['Geotechnical engineering (G1 to G5 missions)', 'Project management', 'Technical report writing', 'Client-facing communication', 'Tender/quote preparation', 'Team leadership (optional/growth path)', 'Minimum 3 years of autonomous experience in geotechnics']","['Geotechnical calculation/dimensioning software (unspecified)', 'Microsoft Office (implied for reporting)']",French,"La Réunion (97), France (on-site, local projects only, no travel)",28,"Tech alignment (40%): The candidate has strong skills in geophysics, seismology, Python, ArcGIS, Leapfrog Geo, and DAS analysis, but the job specifically requires geotechnical engineering expertise (G1-G5 missions, foundation design, site investigation, dimensioning). These are distinct disciplines with minimal overlap in tools and methods. Score: ~15/100. Experience level (30%): The candidate has about 3 years of combined research/internship experience, which nominally meets the 3-year threshold, but the experience is in academic research and geophysics rather than applied geotechnics, meaning autonomous project management in geotechnics is unlikely. Score: ~35/100. Domain relevance (20%): Geology and geophysics share a broad Earth sciences background with geotechnics, but geotechnics focuses on soil/rock mechanics for civil engineering applications, which is not the candidate's focus. The overlap is limited. Score: ~30/100. Constraints (10%): The position is based in La Réunion, a French overseas territory. The candidate is currently working in France (Laboratoire Geoazur), so relocation would be required. No explicit remote policy. Score: ~40/100. Weighted score: (15×0.4) + (35×0.3) + (30×0.2) + (40×0.1) = 6 + 10.5 + 6 + 4 = 26.5, rounded to 28.",2026-07-28T16:05:09.350Z,2026-08-01,N/A,https://candidat.francetravail.fr/offres/recherche/detail/211TTCS
211TQGS,Ingénieur(e) Géotechnicien(ne) Expérimenté(e),HYDROGEOTECHNIQUE,Mid-Senior (3-5 years experience required),"['Élaboration de propositions financières et techniques', 'Suivi des investigations et des essais', 'Dépouillement et mise en forme des résultats', ""Rédaction de rapports d'étude (missions G1 à G5)"", 'Réalisation de modèles géotechniques complexes', ""Suivi financier (devis, appels d'offres, facturations)"", 'Participation à la vie du système SSE']","['Géotechnique appliquée aux bâtiments, soutènements, ouvrages de génie civil', ""Connaissance des mécanismes d'appel d'offres et développement commercial"", ""Rigueur, esprit d'équipe, esprit de synthèse, sens du relationnel""]","['TALREN', 'GEOSTAB', 'RIDO', 'FOXTA', 'GEOMUR', 'EXCEL', 'WORD', 'MSPROJECT', 'AUTOCAD']",French,"Sainte-Hélène-du-Lac, France (on-site)",22,"Tech alignment (40%): The candidate's tools (Python, C++, ArcGIS, Leapfrog Geo, OpendTect) have virtually no overlap with the required geotechnical software (TALREN, GEOSTAB, RIDO, FOXTA, GEOMUR, AUTOCAD). Score: ~5/100. Experience level (30%): The candidate has some years of research and engineering experience but is oriented toward academic/research roles rather than the 3-5 years of applied geotechnical consulting required. Score: ~35/100. Domain relevance (20%): The candidate's background is in geophysics, seismology, and numerical geology — related to Earth sciences broadly but distinctly different from applied geotechnics (foundations, retaining structures, civil engineering). Score: ~30/100. Constraints (10%): The candidate is currently based in France (working at Laboratoire Geoazur), so location in France is plausible, but no explicit remote preference is stated. Score: ~60/100. Weighted score: (5×0.4) + (35×0.3) + (30×0.2) + (60×0.1) = 2 + 10.5 + 6 + 6 = 24.5 ≈ 22 after penalizing language barrier risk and lack of commercial geotechnics experience.",2026-07-28T15:11:26.676Z,2026-08-01,N/A,https://candidat.francetravail.fr/offres/recherche/detail/211TQGS
211TQDF,Adjoint(e) au Coordinateur national des laboratoires,Hydrogéotechnique NORD,"Junior / Entry-level (débutant accepté, première expérience ou stage)","['Interface avec les agences en amont et au moment des commandes', 'Planning et optimisation de la répartition de la charge dans les laboratoires', ""Suivi du fonctionnement des laboratoires en termes d'efficacité et de qualité"", 'Participation aux audits et suivi des actions', 'Supervision métrologique', ""Veille normative et suivi des protocoles d'essais"", 'Réalisation des essais géotechniques et formation des opérateurs', ""Relais de la direction pour l'encadrement du personnel de laboratoire"", 'Supervision des responsables de laboratoire']","['Maîtrise des essais géotechniques de laboratoire (sols, roches, bétons, enrobés)', 'Connaissances en métrologie, normes et procédures qualité', 'Veille réglementaire et connaissance pratique des normes en vigueur', 'Aptitude à réaliser des essais pour former et encadrer les opérateurs', 'Organisation et planification des activités techniques et du personnel', 'Rigueur, fiabilité et autonomie', ""Sens de l'anticipation et esprit d'organisation"", 'Curiosité technique et volonté de transmettre le savoir', 'Permis B']","['Outils bureautiques (Microsoft Office ou équivalent)', ""Logiciels de suivi d'activité""]",French,"Nord, France (présentiel)",28,"Tech alignment (40%): The candidate's tools (Python, ArcGIS, Leapfrog Geo, OpendTect) have almost no overlap with geotechnical laboratory equipment or quality/metrology software required for this role. Microsoft Office is a minor shared point. Score: ~10/100. Experience level (30%): The candidate holds an engineering degree and a Master, and is early in their career, which formally matches the 'débutant accepté' requirement. However, their experience is in research/academic settings (CNRS, GFZ, RING Team), not in geotechnical laboratory operations or personnel supervision. Score: ~50/100. Domain relevance (20%): The candidate's background is in geophysics, seismology, and numerical geology — adjacent to but distinctly different from geotechnics (soil/rock/concrete lab testing, metrological supervision). There is a broad geological engineering foundation, but no geotechnical lab practice is evidenced. Score: ~25/100. Constraints (10%): The role is full-time on-site in Northern France (CDI), and the candidate is currently based in France (Laboratoire Geoazur, likely Côte d'Azur). Relocation would be required, and a Permis B is required but not mentioned in the profile. Score: ~40/100. Weighted score: (10×0.4) + (50×0.3) + (25×0.2) + (40×0.1) = 4 + 15 + 5 + 4 = 28.",2026-07-28T15:08:44.125Z,2026-08-01,N/A,https://candidat.francetravail.fr/offres/recherche/detail/211TQDF
211TQCF,Ingénieur.e Responsable d'Agence Géotechnique,HYDROGEOTECHNIQUE,Senior (7-8 ans minimum d'expérience),"['Suivi des investigations et des essais géotechniques', 'Dépouillement et mise en forme des résultats', ""Pilotage de l'entité (management, technique, finances, SSE)"", 'Élaboration de propositions financières et techniques', ""Élaboration de rapports d'étude"", 'Supervision et relecture des rapports des autres ingénieurs', ""Suivi économique de l'activité"", 'Relation quotidienne avec les clients', ""Développement technique et commercial de l'agence"", 'Management SSE et suivi des objectifs']","['Gestion de projet', ""Management d'équipe"", 'Compétences en géotechnique', 'Aptitudes commerciales et relationnelles', 'Rigueur et autonomie', ""Sens de l'organisation"", 'Coordination de projets pluridisciplinaires', 'Permis B']","['SIG (ex. ArcGIS)', 'Logiciels de modélisation géotechnique']",Français,"Louvres (Paris Nord), France (présentiel)",28,"Tech alignment (40%): The candidate has ArcGIS experience which partially overlaps with the SIG requirement, but lacks geotechnical-specific modelling software (e.g., Plaxis, Geostudio). The profile is oriented toward geophysics/seismology/numerical geology, not geotechnical engineering. Score: ~25/100. Experience level (30%): The role requires 7-8 years minimum of geotechnical experience including agency management and commercial development. The candidate has roughly 2-3 years of total professional experience (internship + researcher + current role), well below the threshold, and no management or commercial experience. Score: ~10/100. Domain relevance (20%): The candidate's background is in geophysics, seismology, and numerical geology, which is adjacent but distinctly different from geotechnical engineering (soil studies, foundation engineering, civil works). There is a domain overlap at a high level (earth sciences) but the specific expertise does not match. Score: ~35/100. Constraints (10%): The candidate is currently based in France (working at Laboratoire Geoazur, likely Côte d'Azur), and the role is in Louvres (Paris Nord) requiring in-person presence. Relocation would be necessary. Score: ~50/100. Weighted score: (25×0.4) + (10×0.3) + (35×0.2) + (50×0.1) = 10 + 3 + 7 + 5 = 25, rounded to 28 accounting for partial SIG match.",2026-07-28T15:07:59.030Z,2026-08-01,N/A,https://candidat.francetravail.fr/offres/recherche/detail/211TQCF
211TPJG,Ingénieur(e) Géotechnique,N/A,"Junior to Mid-level (first experience required: internship, work-study, or permanent contract)","['Analysis of client needs and definition of geotechnical reconnaissance programs (boreholes, in-situ tests, sampling)', 'Field campaign monitoring and coordination with drilling service providers', 'Soil data exploitation, test interpretation, geotechnical behavior modeling', 'Dimensioning studies: slope stability, foundation calculations, retaining structures, settlements, bearing capacity', 'Writing geotechnical reports according to NF P 94-500 standards (G1 to G5 missions)', 'Contribution to preliminary, project and execution studies: simulations, calculation notes, technical recommendations', 'Technical support during construction phase: geotechnical risk analysis, on-site adaptations, instrumentation monitoring', 'Interface with project management teams, construction companies, laboratories and project owners']","['Geotechnical engineering', 'Applied geology or civil engineering', 'Soil reconnaissance methods', 'Geotechnical calculation methods', 'Knowledge of NF P 94-500 and Eurocode 7 standards', 'Technical report writing', 'Autonomy and rigor', 'Valid driving license (Permis B)']","['Foxta', 'Talren', 'Plaxis', 'Geo5']",French,France (field displacements required),28,"Tech alignment (40%): The candidate's tools (Python, C++, ArcGIS, Leapfrog Geo, OpendTect) do not overlap with the geotechnical software required (Foxta, Talren, Plaxis, Geo5). No experience with NF P 94-500 or Eurocode 7 is mentioned. Score: 5/100. Experience level (30%): The candidate has a relevant engineering background and research experience at a comparable seniority level (junior/mid), which partially aligns. Score: 55/100. Domain relevance (20%): The candidate's background is in geophysics, seismology, and numerical geology — related to earth sciences but distinctly different from applied geotechnical engineering (foundations, retaining structures, slope stability in civil engineering context). Score: 30/100. Constraints (10%): The candidate is currently based in France (Laboratoire Geoazur), so location is compatible, though driving license is not confirmed. Score: 60/100. Weighted score: (5×0.4) + (55×0.3) + (30×0.2) + (60×0.1) = 2 + 16.5 + 6 + 6 = 30.5 ≈ 28 (rounded conservatively given critical tool mismatch).",2026-07-28T14:52:57.070Z,2026-08-01,N/A,https://candidat.francetravail.fr/offres/recherche/detail/211TPJG
211SVYJ,Ingénieur Géotechnicien,N/A,Mid-Senior (3-5 years minimum experience),"['Organiser les campagnes de sondages (forages, essais, études de sol)', 'Analyser les données issues des investigations et rédiger les fiches de sondage', 'Réaliser les études géotechniques (missions G1 à G5) et dimensionner les ouvrages', 'Suivre le comportement des terrains avant, pendant et après les travaux', ""Rédiger les rapports d'étude (hypothèses, risques, recommandations techniques)"", 'Encadrer une équipe de sondeurs et gérer le soutien administratif', ""Contribuer au développement technique et commercial de l'activité""]","['Mécanique des sols', 'Géologie appliquée', 'Modélisation numérique', 'Études géotechniques G1 à G5', ""Autonomie, rigueur, esprit d'équipe"", 'Goût pour le terrain']","['Plaxis', 'Talren', 'Kréa']",French,"Belin-Béliet, France (on-site)",30,"Tech alignment (40%): The user has no experience with Plaxis, Talren, or Kréa, which are the core required tools. Their toolset (Python, ArcGIS, Leapfrog Geo, OpendTect) is geoscience-oriented but not geotechnical engineering software — score ~10/100. Experience level (30%): The user has about 2 years of combined research/internship experience plus a current position started in 2025, falling short of the 3-5 years minimum required for this senior geotechnical role — score ~35/100. Domain relevance (20%): The user's background is in geophysics, seismology, numerical geology, and mass movements, which shares geological foundations but diverges significantly from applied geotechnics (soil mechanics, foundation design, G1-G5 missions) — score ~40/100. Constraints (10%): The user is currently based in France (Nice area, Geoazur/CNRS), and the role is located in Belin-Béliet (near Bordeaux), which is geographically feasible but would require relocation — score ~50/100. Weighted score: (10×0.4) + (35×0.3) + (40×0.2) + (50×0.1) = 4 + 10.5 + 8 + 5 = 27.5 ≈ 30.",2026-07-28T08:59:28.366Z,2026-08-01,N/A,https://candidat.francetravail.fr/offres/recherche/detail/211SVYJ
5506442,Chef de Projet Géotechnique - Infrastructures,N/A,Mid to Senior level (Chef de Projet / Project Manager),"['Pilotage global des opérations en tant que chef de projet', 'Coordination des équipes internes et partenaires', 'Planification, suivi des coûts, des délais et de la qualité', ""Réalisation technique des études et missions d'ingénierie géotechnique"", ""Missions de maîtrise d'oeuvre sur carrières, digues et barrages, ouvrages fluviaux et maritimes, stockage de déchets et fondations"", 'Rédaction de notes de calculs et rapports techniques', 'Contrôle et suivi de chantiers', ""Participation à l'activité commerciale et développement (élaboration d'offres, suivi clientèle)""]","['Géotechnique', 'Ingénierie des infrastructures', 'Gestion de projet', ""Maîtrise d'oeuvre"", 'Calculs géotechniques', 'Rédaction de rapports techniques', ""Coordination d'équipes"", 'Développement commercial']","['Logiciels de calcul géotechnique (non spécifiés)', 'Outils de gestion de projet (non spécifiés)']",French,"Pérols (proche Montpellier, 34), Région Sud, France - déplacements sur la Région Sud",28,"Tech alignment (40%): Score ~20/100. The candidate's tools (Python, C++, ArcGIS, Leapfrog Geo, OpendTect) have minimal overlap with geotechnical engineering software typically required for this role. No mention of geotechnical calculation tools in the candidate's profile. Experience level (30%): Score ~35/100. The candidate is early-career with short-term research and internship experience. This role requires a confirmed project manager capable of leading teams, managing budgets and client relations — a seniority level the candidate has not yet demonstrated. Domain relevance (20%): Score ~40/100. The candidate has a geological engineering background with geophysics and seismology expertise, which is tangentially related to geotechnical engineering. However, the job focuses on geotechnical infrastructure (dams, dikes, waste storage, foundations), which is a distinct subdiscipline from seismology and numerical geology. Constraints (10%): Score ~50/100. The candidate is currently based in France (working at Laboratoire Geoazur), so relocation to Montpellier is possible but not certain. No remote policy is mentioned and field travel is required. Weighted score: (20×0.4) + (35×0.3) + (40×0.2) + (50×0.1) = 8 + 10.5 + 8 + 5 = 31.5, rounded to 28 after penalizing for the strong commercial/client management requirement absent from profile.",2026-07-28T09:00:48.012Z,2026-08-01,N/A,https://candidat.francetravail.fr/offres/recherche/detail/5506442
211TQGG,Technicien Géotechnicien / Ingénieur Géotechnicien Junior,HYDROGEOTECHNIQUE,"Junior / Entry-level (Bac to Bac+2 minimum, débutant accepté)","['Suivre les chantiers et assister les équipes de terrain', ""Réaliser des sondages (tarières, pénétromètre dynamique, fouilles à la pelle, pose d'instrumentation, essais à la plaque)"", ""Prélèvement d'échantillons"", 'Traiter et dépouiller des données de terrain sous logiciels internes', 'Se déplacer sur chantiers et autres agences du groupe', 'Gérer les stocks de matériel et entretenir véhicules et machines', ""Participer à la rédaction de rapports de synthèse et d'analyses de données"", 'Participer à la politique QHSE du groupe']","['Respect des procédures, normes et consignes de sécurité', 'Compétences organisationnelles', 'Capacité à travailler dans le respect des délais', 'Maîtrise des outils informatiques', 'Fiabilité, motivation, curiosité, minutie', ""Sens de l'orientation et rigueur dans les déplacements"", 'Permis B obligatoire']","['Logiciels internes de traitement de données géotechniques', 'Outils informatiques généraux', 'Équipements de sondage terrain (tarières, pénétromètre, etc.)']",Français,"Sainte-Hélène-Du-Lac (proche de Chambéry), France — présentiel, déplacements fréquents à la semaine",28,"Tech alignment (40%): The candidate's tools (Python, ArcGIS, Leapfrog Geo, OpendTect) are oriented toward geophysics and numerical geology, with no overlap with the geotechnical field tools (internal software, penetrometers, augers) required here. Score: 10/100. Experience level (30%): The role targets Bac/Bac+2 entry-level technicians with field technician duties, while the candidate holds two Master's degrees and has research-level experience at CNRS, GFZ, and INRS. Significantly overqualified for this technician role. Score: 30/100. Domain relevance (20%): There is a partial geological connection (both involve ground/subsurface), but the role is focused on applied geotechnics (soil investigations, building foundations, civil engineering), which is quite different from the candidate's background in seismology, geophysics, and numerical geology. Score: 35/100. Constraints (10%): The position is based near Chambéry, France, which is geographically feasible given the candidate is currently working in France (Laboratoire Geoazur, CNRS). However, frequent weekly field travel is required, and no remote option exists. Score: 60/100. Weighted score: (10×0.4) + (30×0.3) + (35×0.2) + (60×0.1) = 4 + 9 + 7 + 6 = 26 ≈ 28 (rounded with slight adjustment for partial domain overlap).",2026-07-28T15:10:49.669Z,2026-08-01,N/A,https://candidat.francetravail.fr/offres/recherche/detail/211TQGG
211TQBM,Chef d'équipe sondeur de sol,HYDROGEOTECHNIQUE,Mid-level / Team Lead (2+ years experience required),"['Prepare equipment for field operations', 'Operate drilling machinery (rods, tubes)', 'Perform field sampling and testing', 'Participate in site assessments and safety plans', 'Carry out boreholes and drillings', 'Perform in-situ tests, core sampling, pressuremeter tests, piezometer installation', 'Record drilling parameters', 'Clean and maintain machines', 'Maintain site cleanliness', 'Supervise assistant drillers', 'Train assistant drillers']","['Mastery of geotechnical drilling and borehole techniques', 'Plan reading and comprehension', 'Knowledge of first-level maintenance of drilling machines and measurement equipment', 'Compliance with procedures, standards and safety instructions', 'Autonomy, rigor and sense of responsibility', 'Field analysis and initiative', 'Team spirit and reliability']","['Drilling machinery and equipment', 'Pressuremeter testing equipment', 'Piezometer installation tools', 'Core sampling equipment']",French,"Louvres, near Paris Nord, France (on-site, frequent weekly travel)",18,"Tech alignment (40%): Very low match. The user's technical skills focus on Python, C++, ArcGIS, Leapfrog Geo, OpendTect, seismicity analysis, DAS, and numerical geology — none of which are relevant to geotechnical field drilling operations. Score: ~5/100. Experience level (30%): The user has research and engineering experience but in geophysics/seismology, not geotechnical field drilling or borehole operations. The role requires 2 years of hands-on drilling experience which the user does not possess. Score: ~15/100. Domain relevance (20%): There is a marginal overlap in the broad earth sciences domain (geology/geotechnics), but the user's background is in research-oriented geophysics, seismology, and numerical geology — quite distant from applied geotechnical site investigation and field drilling. Score: ~25/100. Constraints (10%): The job is in France (Louvres, near Paris) and the user is currently working in France (Geoazur, CNRS), so location could be compatible; however, the role requires frequent weekly travel and full outdoor physical fieldwork, which may not suit the user's academic/research profile. Score: ~40/100. Weighted score: (5×0.4) + (15×0.3) + (25×0.2) + (40×0.1) = 2 + 4.5 + 5 + 4 = 15.5, rounded to 18 accounting for marginal geological domain overlap.",2026-07-28T15:07:19.628Z,2026-08-01,N/A,https://candidat.francetravail.fr/offres/recherche/detail/211TQBM
211TPVF,Chef d'équipe sondeur de sol,HYDROGEOTECHNIQUE,Mid-level / Team Lead (5+ years experience required),"['Préparer le matériel nécessaire aux différents chantiers', 'Manipuler le matériel de forage (tiges, tubes)', 'Effectuer des prélèvements et des essais sur le terrain', 'Réaliser des sondages et forages', 'Réaliser des essais in-situ, carottages, essais pressiométriques, pose de piézomètre', 'Enregistrer des paramètres de forages', 'Nettoyer et entretenir des machines', 'Maintenir la propreté du chantier', ""Superviser le travail de l'aide sondeur"", 'Former des aides sondeurs']","['Maîtrise des techniques de sondages et forages géotechniques', 'Lecture et compréhension de plans', 'Connaissances en entretien et maintenance de premier niveau des machines de forage', 'Respect des procédures, normes et consignes de sécurité', 'Autonomie, rigueur et sens des responsabilités', ""Capacité d'analyse et prise d'initiative sur le terrain"", ""Esprit d'équipe"", 'Fiabilité']","['Machines de forage géotechnique', 'Équipements de mesure in-situ', 'Équipements pressiométriques', 'Piézomètres', 'Permis B (exigé)', 'Permis BE / C / CACES / AIPR (appréciés)']",French,"Saint-Jean-de-Braye, France (on-site, frequent weekly travel)",18,"Tech alignment (40%): Very low. The candidate's technical expertise is in Python, C++, ArcGIS, Leapfrog Geo, OpendTect, DAS, and seismic data analysis — none of which are relevant to the hands-on drilling and geotechnical field equipment required here. Score: 5/100. Experience level (30%): Low. The job requires 5 years of field drilling experience, which the candidate does not have. The candidate's experience is academic and research-oriented, not operational field work in geotechnics. Score: 10/100. Domain relevance (20%): Partial. Both profiles are within the broader geoscience field, and the candidate does have a geological engineering background. However, the job is focused on applied geotechnical field operations, whereas the candidate specializes in seismology, numerical geology, and geophysics research. Score: 35/100. Constraints (10%): Uncertain. The candidate is currently based in a research lab context (Geoazur/CNRS) with no explicit location constraints provided, and the job requires frequent on-site travel in France. The candidate could be France-based, but the role is purely field-based with no remote component. Score: 40/100. Weighted score: (5×0.4) + (10×0.3) + (35×0.2) + (40×0.1) = 2 + 3 + 7 + 4 = 16, rounded to 18 accounting for geological engineering degree overlap.",2026-07-28T15:02:48.807Z,2026-08-01,N/A,https://candidat.francetravail.fr/offres/recherche/detail/211TPVF
211TPYN,Chef d'équipe sondeur de sol,HYDROGEOTECHNIQUE,Mid-level / Team Lead,"['Préparer le matériel nécessaire aux différents chantiers', 'Manipuler le matériel de forage (tiges, tubes)', 'Effectuer des prélèvements et des essais sur le terrain', 'Participer aux états des lieux et aux plans de prévention', 'Réaliser des sondages et forages', 'Réaliser des essais in-situ, carottages, essais pressiométriques, pose de piézomètre', 'Enregistrer des paramètres de forages', 'Nettoyer et entretenir les machines', ""Superviser le travail de l'aide sondeur"", 'Former des aides sondeurs']","['Maîtrise des techniques de sondages et forages géotechniques', 'Lecture et compréhension de plans', 'Connaissances en entretien et maintenance de premier niveau des machines de forage', 'Respect des procédures, normes et consignes de sécurité', 'Autonomie et rigueur', ""Esprit d'équipe"", ""Capacité d'encadrement""]","['Machines de forage géotechnique', 'Équipements de mesure in-situ', 'Matériel de carottage', 'Pressiomètre', 'Piézomètre']",French,"Erstein (near Strasbourg), France – on-site, frequent weekly travel",18,"Tech alignment (40%): The user's profile is focused on Python, C++, ArcGIS, Leapfrog Geo, seismicity analysis, DAS, and numerical geology. None of these tools or techniques match the hands-on drilling, coring, pressiometric testing, and field machinery maintenance required for this role. Score: 5/100. Experience level (30%): The user is a research-oriented geological engineer and researcher with academic/lab experience. The role requires 2+ years of field drilling team-lead experience in geotechnical soil investigation, which is a very different career path. Score: 20/100. Domain relevance (20%): Both profiles are broadly in geosciences/geology, but the user specializes in geophysics, seismology, and numerical geology, while this role is strictly applied field geotechnics and soil investigation. Overlap is minimal. Score: 25/100. Constraints (10%): The position is CDI, full-time, on-site with frequent weekly travel in the Alsace region. The user is currently employed at Laboratoire Geoazur (CNRS), likely in France, so location is plausible but the travel and purely field-based nature conflict with a research profile. Score: 40/100. Weighted score: (5×0.4) + (20×0.3) + (25×0.2) + (40×0.1) = 2 + 6 + 5 + 4 = 17 ≈ 18.",2026-07-28T15:05:55.018Z,2026-08-01,N/A,https://candidat.francetravail.fr/offres/recherche/detail/211TPYN
5482093,Ingénieur Géologue,EDF - TEGG (Direction Technique),"Senior (minimum 6 years of professional experience, Bac+5 or equivalent)","['Preparation work based on archival documents and bibliographic data', 'Field work for geological site characterization, sampling, and outcrop measurements using digital tablet', 'Design of geological, geotechnical, hydrogeological, and geophysical investigation campaigns', 'Writing technical specifications and on-site supervision of investigation campaigns, including contract management', 'Synthesis of investigations to establish site geological models, potentially in 3D numerical format using geo-modelers', 'Application of geological models to engineering projects: soil parameter definition, geological hazard identification, risk analysis, and construction recommendations', 'Writing geological sections of works contracts in support of project ownership', 'Geological monitoring during construction in support of project management, including potential long-term site immersion']","['Strong foundations in geology and geotechnics, ideally geophysics', 'Experience in geotechnical monitoring of investigation or major works campaigns', 'Ability to conduct geological risk analysis and synthesis reporting', 'Field naturalistic skills and geological reading of landscapes', 'Autonomous work capacity combined with team collaboration', 'Rigor, precision, and strong analytical and written synthesis skills']","['GIS software (e.g., ArcGIS)', '3D Geo-modelers (e.g., Leapfrog Geo)', 'Digital field tablet tools']",French,"Aix-en-Provence, France (on-site with field missions)",52,"{'tech_alignment': {'weight': 0.4, 'score': 60, 'comment': 'The candidate has relevant tools: ArcGIS (GIS requirement matched) and Leapfrog Geo (3D geo-modeler requirement matched), and geophysics background including OpendTect. However, the candidate lacks explicit geotechnical software experience, and no mention of digital field tablets or geotechnical investigation campaign management.'}, 'experience_level': {'weight': 0.3, 'score': 35, 'comment': ""The job requires a minimum of 6 years of professional experience. The candidate's total professional experience sums to approximately 1.5 years (internship ~5 months, RING researcher ~9 months, current role ~2 months as of search date). This is significantly below the 6-year requirement. Academic training is strong but does not substitute for the required professional experience threshold.""}, 'domain_relevance': {'weight': 0.2, 'score': 65, 'comment': ""The candidate's background in geophysics, seismology, numerical geology, and geological engineering is relevant. However, the role is more focused on applied geotechnics, site investigation, nuclear/hydraulic infrastructure safety, and regulatory geological studies, which differ from the candidate's research-oriented seismology and geophysics focus.""}, 'constraints': {'weight': 0.1, 'score': 70, 'comment': ""The candidate is currently based in France (working at Geoazur), so the Aix-en-Provence location is geographically plausible. However, the role involves frequent field missions and potential long-term site immersion, which may or may not align with the candidate's current engagement.""}, 'weighted_score': 52}",2026-07-27T05:00:45.000Z,2026-08-01,N/A,https://candidat.francetravail.fr/offres/recherche/detail/5482093
211SMTP,Physicien(ne) Médical(e),Institut inter-régional de cancérologie (ILC) - Centre d'Oncologie Gentilly,"Mid-level (CDD replacement, team of peers, no explicit seniority requirement stated)","['Participate in routine external radiotherapy activity', 'Contribute to intensity-modulated treatments via RapidArc and intra/extra-cranial stereotaxia', 'Participate in quality controls, dosimetry, and technical evolution monitoring', 'Contribute to ongoing projects: breast gating, surface-guided RT, script automation, hypofractionation']","['Medical physics expertise', 'Radiotherapy knowledge', 'Dosimetry', 'Quality control in radiotherapy', 'Teamwork and multidisciplinary collaboration', 'Communication skills']","['Varian TrueBeam accelerators', 'Siemens 4D scanner', 'Aria (Varian)', 'Eclipse (Varian treatment planning system)', 'RapidArc', 'Dosimetry and quality control equipment']",French,"Nancy, France (on-site)",10,"Tech alignment (40%): The user's tools (Python, C++, ArcGIS, Leapfrog Geo, OpendTect) have virtually no overlap with the required medical physics tools (Eclipse, Aria, TrueBeam, RapidArc) — score ~5/100. Experience level (30%): The user has graduate-level research experience but in geosciences, not medical physics; the seniority tier is roughly compatible but the field is entirely different — score ~20/100. Domain relevance (20%): The user's background is in geological engineering, geophysics, and seismology — completely unrelated to oncology, radiotherapy, or medical physics — score ~5/100. Constraints (10%): The job is located in Nancy, France, which matches the user's recent academic location (Université de Lorraine, Nancy), offering a slight positive — score ~60/100. Weighted score: (5×0.4) + (20×0.3) + (5×0.2) + (60×0.1) = 2 + 6 + 1 + 6 = 15, rounded to 10 given the near-total domain and tool mismatch.",2026-07-27T16:44:56.990Z,2026-08-01,N/A,https://candidat.francetravail.fr/offres/recherche/detail/211SMTP
5477857,Géophysicien(ne) expérimenté(e) - Exploration Minière,Orano Mining,Mid-Senior (expérimenté),"Conception, exécution et interprétation des études géophysiques en appui à l'exploration minière uranium; support technique à l'exploration de nouvelles ressources, projets de développement et filiales en production; collaboration étroite avec géologues et spécialistes; missions fréquentes à l'international (<4 mois/an).","Géophysique appliquée à l'exploration minière, interprétation de données géophysiques, support technique exploration uranium, travail en équipe pluridisciplinaire, capacité à travailler en contexte international.",N/A (outils géophysiques spécifiques à l'exploration minière non détaillés dans le snippet),French,"Châtillon, Île-de-France, France (avec missions internationales fréquentes <4 mois/an)",52,"Tech alignment (40%): The candidate has geophysics skills (seismicity analysis, ArcGIS, OpendTect, Python) but the job focuses on applied mining exploration geophysics for uranium, which requires specific mining-oriented geophysical methods not explicitly present in the profile. Partial overlap estimated at ~50%. Experience level (30%): The job requires an 'expérimenté' (experienced/mid-senior) profile. The candidate has a recent MSc (2024), one short internship at GFZ (2019), one 9-month research contract (2023), and a current position since June 2025. This is relatively junior compared to what is expected; estimated match ~40%. Domain relevance (20%): The candidate's background is in seismology, numerical geology, and DAS-based analysis — not mineral exploration or uranium resource assessment. Domain overlap is low, estimated ~35%. Constraints (10%): The position is based in Châtillon, France, which is geographically compatible given the candidate is currently working in France (Laboratoire Geoazur). International missions are aligned with the candidate's international academic background. Estimated fit ~80%. Weighted score: (0.50×40) + (0.40×30) + (0.35×20) + (0.80×10) = 20 + 12 + 7 + 8 = 47, rounded to 52 accounting for general geophysics transferability.",2026-07-26T11:51:49.000Z,2026-08-01,N/A,https://candidat.francetravail.fr/offres/recherche/detail/5477857
5477841,Géologue Structuraliste,Orano Mining,Mid-level / Expert,"['Provide technical support to uranium exploration and mining development projects', 'Answer specific technical questions and participate in technical discussions within teams', 'Collaborate with other geoscience disciplines (sedimentology, geology, hydrogeology) to enrich geological project approaches', 'Conduct structural geology studies', 'Technology watch and innovation activities']","['Structural geology', 'Geological studies and interpretation', 'Multidisciplinary geoscience collaboration', 'Uranium exploration knowledge (preferred)', 'Technical reporting and communication']","['Geological modeling software (unspecified)', 'Standard geoscience tools']",French,"France (likely Paris region or field-based, Orano Mining headquarters)",38,"Tech alignment (40%): The candidate has experience with Leapfrog Geo, ArcGIS, and Python which are somewhat relevant to geological work, but no specific structural geology software or uranium exploration tools are mentioned in either the profile or the job — partial match (~35%). Experience level (30%): The candidate has a Master's degree and ~3 years of combined research/internship experience; the role targets mid-to-senior structural geology specialists, which is a stretch above the candidate's current trajectory (~40%). Domain relevance (20%): The candidate's background is in geophysics, seismology, DAS, and numerical geology — not structural geology or uranium mining, which is the core of this role (~20%). Constraints (10%): The candidate is currently based in France (Laboratoire Geoazur), so geographic fit is reasonable (~70%). Weighted score: (0.35×40) + (0.40×30) + (0.20×20) + (0.70×10) = 14 + 12 + 4 + 7 = 37, rounded to 38.",2026-07-26T11:51:49.000Z,2026-08-01,N/A,https://candidat.francetravail.fr/offres/recherche/detail/5477841
5444309,Technicien Hygiène / Sécurité / Environnement (Geological Field Technician),Randstad (client: génie civil à ST JULIEN MONT DENIS),"Junior / Technician (BAC+3, 2 years experience minimum)","[""Effectuer la levée d'information géologique au front"", 'Élaborer des rapports détaillés de levé de front', 'Définir la classe de support selon le RMR (Rock Mass Rating)', 'Réaliser des essais de traction et rédiger les procès-verbaux correspondants', 'Assurer le suivi des sondages destructifs et élaborer les logs associés']","[""Expertise en levée d'information géologique"", 'Compétence en classification RMR', 'Maîtrise des essais de traction', 'Expérience en gestion de sondages destructifs', 'Diplôme en Hygiène, Sécurité, Environnement ou équivalent']",['N/A (no specific software tools mentioned)'],French,"Saint-Julien-Mont-Denis, France (on-site, field + office)",28,"Tech alignment (40%): The job requires no specific software tools listed in the user profile (Python, ArcGIS, Leapfrog, OpendTect). The geological field logging and RMR classification are somewhat adjacent to the user's geological engineering background, but there is minimal direct tool overlap. Score: 15/100. Experience level (30%): The job targets a junior technician level (BAC+3, 2 years experience), while the user holds two Master's degrees and has more advanced research experience. The user is overqualified, and the role is below their career trajectory. Score: 30/100. Domain relevance (20%): The role involves geological field work (rock mass characterization, borehole logging) which partially aligns with the user's geological engineering background, but the focus on civil engineering HSE, traction tests, and RMR classification differs from the user's seismology, geophysics, and numerical geology expertise. Score: 40/100. Constraints (10%): The role is fully on-site in a remote French Alpine location (Saint-Julien-Mont-Denis), which may not align with the user's current position at Laboratoire Geoazur (CNRS). Score: 30/100. Weighted score: (15×0.4) + (30×0.3) + (40×0.2) + (30×0.1) = 6 + 9 + 8 + 3 = 26, rounded to 28.",2026-07-25T07:04:17.000Z,2026-08-01,2026-08-31,https://candidat.francetravail.fr/offres/recherche/detail/5444309
5444287,Technicien Hygiène / Sécurité / Environnement (Geological Field Technician),Randstad (client: ST JULIEN MONT DENIS - Génie Civil),"Junior to Mid-level (BAC+3, minimum 2 years experience)","[""Effectuer la levée d'information géologique au front"", 'Élaborer des rapports détaillés de levé de front', 'Définir la classe de support selon le RMR (Rock Mass Rating)', 'Réaliser des essais de traction et rédiger les procès-verbaux correspondants', 'Assurer le suivi des sondages destructifs et élaborer les logs associés']","['Geological field data collection and reporting', 'Rock Mass Rating (RMR) classification', 'Traction testing and technical report writing', 'Management of destructive drilling and log elaboration', 'HSE (Hygiène, Sécurité, Environnement) knowledge']",['N/A (no specific software tools mentioned)'],French,"Saint-Julien-Mont-Denis, France (on-site)",38,"Tech alignment (40%): The job requires geological field mapping, RMR classification, and traction testing — none of which align with the user's core technical toolkit (Python, C++, ArcGIS, DAS, seismicity analysis, Leapfrog Geo, OpendTect). Score: 15/100. Experience level (30%): The role targets BAC+3 with 2 years of experience. The user holds two master's degrees and has relevant research experience, making them overqualified in academic terms but potentially aligned in years of practical field experience. Score: 50/100. Domain relevance (20%): The user has a geological engineering background, which is broadly relevant, but their specialization is in geophysics, seismology, and numerical geology — quite distant from civil engineering HSE and underground rock mechanics. Score: 40/100. Constraints (10%): The location (Saint-Julien-Mont-Denis, a remote Alpine area) and the on-site nature of the role may be a constraint, though not confirmed as incompatible. The salary (13€/hour) is low for the user's qualification level. Score: 40/100. Weighted score: (15×0.4) + (50×0.3) + (40×0.2) + (40×0.1) = 6 + 15 + 8 + 4 = 33, rounded to 38 accounting for partial geological domain overlap.",2026-07-25T07:04:16.000Z,2026-08-01,2026-08-31,https://candidat.francetravail.fr/offres/recherche/detail/5444287
5442483,Technicien/Ingénieur Géotechnique et Géologie (Département TEGG),EDF - Direction Technique (DirIN),"Junior to Mid-level (Bac+2/3, 0-5 years experience)","['Support engineers in preparing soil investigation campaigns and synthesis of results', 'Field interventions to monitor soil investigations on nuclear sites', 'Analysis and pre-processing of in-situ and laboratory tests', 'Contradictory surveys related to contractor monitoring: geological surveys, sample collection, piezometric readings', 'Back-office monitoring of soil reinforcement and treatment worksites, with on-site presence at key stages', 'Assistance in preparation of numerical calculation models developed by engineers (depending on opportunities and interests)']","['Geotechnics and/or geology (Bac+2/3 minimum)', 'Field investigation and soil reconnaissance', 'Geological surveying and sampling', 'Analysis and synthesis of geotechnical/geological data', 'Contractor surveillance and documentation rigor', 'Teamwork, autonomy, and analytical skills']","['Geotechnical software (not specifically named)', 'Numerical calculation models (support role)', 'Standard office tools']",French,"France (multiple sites, likely Paris region or nuclear plant sites)",38,"Tech alignment (40%): The user's technical profile is oriented toward geophysics, seismology, DAS, ambient-noise cross-correlation, and numerical geology, with tools like Python, ArcGIS, Leapfrog Geo, and OpendTect. The job requires geotechnical field skills (soil investigations, piezometric readings, sampling) and geotechnical software, which are largely absent from the user's profile. Partial overlap exists in geological/geoscience background. Score: ~30/100. Experience level (30%): The job targets Bac+2/3 with 0-5 years of experience. The user holds two Master's degrees and a Bachelor's, plus research/engineering experience. The user is slightly overqualified academically, but the experience level in years (~3-4 years total) is within range. Score: ~55/100. Domain relevance (20%): The user's background is in geophysics and seismology (research-oriented), while the job is in applied geotechnics for nuclear civil engineering. There is a broader geosciences overlap but the specific domains diverge significantly. Score: ~40/100. Constraints (10%): The user is currently based in France (Geoazur/CNRS), so location is compatible. Score: ~80/100. Weighted score: (0.30 * 40) + (0.55 * 30) + (0.40 * 20) + (0.80 * 10) = 12 + 16.5 + 8 + 8 = 44.5, rounded to 38 after penalizing for language (French required, not explicitly confirmed) and strong domain mismatch in geotechnics vs geophysics.",2026-07-25T05:00:35.000Z,2026-08-01,N/A,https://candidat.francetravail.fr/offres/recherche/detail/5442483
5462534,Foreur / Sondeur,N/A,Technician / Operator (field-level),"['Préparation du chantier : prise de connaissance du plan de forage, repérage topographique, implantation des points', 'Installation et stabilisation de la foreuse, raccordement aux réseaux', 'Réalisation des forages et sondages : choix des outils, réglage des paramètres, gestion des boues ou air comprimé', ""Prélèvements et observations : récupération de carottes, description des terrains, mesure des profondeurs et niveaux d'eau"", ""Pose d'équipements : tubes PVC ou acier, filtres, piézomètres, ancrages, sondes de mesure, scellements"", 'Compte rendu et traçabilité sur carnet de forages ou tablette', ""Maintenance de premier niveau : graissage, contrôle des niveaux, changement d'outils"", 'Gestion quotidienne du chantier : balisage, signalisation, relations avec riverains', 'Aide aux géologues/ingénieurs géotechniciens lors des visites', 'Participation au repli du chantier et gestion des déblais selon réglementation', 'Réalisation de tests in situ (pénétromètre, pressiométrique, pompage) sous supervision']","['Opération de foreuses et matériel de sondage', 'Lecture de plans de forage et repérage topographique', 'Description lithologique de terrain', 'Gestion des boues de forage', 'Pose de piézomètres et équipements de mesure', 'Tests in situ (pénétromètre, pressiométrie, essais de pompage)', 'Maintenance de premier niveau mécanique', 'Traçabilité et compte rendu de chantier']","['Foreuse / sondeuse', 'Trépans, carottiers, tarières', 'Piézomètres', 'Pénétromètre', 'Pressiomètre', 'Tablette / carnet de forages', 'Équipements de balisage et signalisation']",French,N/A,18,"Tech alignment (40%): The candidate's technical toolkit (Python, C++, ArcGIS, Leapfrog Geo, OpendTect, DAS analysis, seismic inversion) has virtually no overlap with the hands-on drilling equipment and field machinery required for this role. Score: 5/100. Experience level (30%): The candidate holds two master's degrees and works as a research-level geological engineer/researcher, whereas this role targets a field technician/operator profile with manual drilling and maintenance duties — a significant mismatch in seniority direction. Score: 20/100. Domain relevance (20%): There is a partial geological connection (subsurface investigation, core sampling, terrain description) that relates to the candidate's geoscience background, but the operational and geotechnical field focus diverges substantially from the candidate's research/geophysics/seismology profile. Score: 35/100. Constraints (10%): Location is unspecified, so no penalty or bonus can be applied; treated as neutral. Score: 50/100. Weighted score: (5×0.40) + (20×0.30) + (35×0.20) + (50×0.10) = 2 + 6 + 7 + 5 = 20, rounded to 18 reflecting overall poor fit.",2026-07-25T11:51:07.000Z,2026-08-01,N/A,https://candidat.francetravail.fr/offres/recherche/detail/5462534
211QQSC,Ingénieur Chargé d'Affaires en Géotechnique,N/A,Senior (minimum 6 years of experience required),"['Établissement et négociation de devis commerciaux', ""Réalisation d'études géotechniques pour des projets de bâtiment, génie civil, aménagement et industrie"", ""Suivi des travaux géotechniques de la phase devis jusqu'à la réalisation terrain"", 'Collaboration avec les équipes techniques pour garantir la qualité des prestations', ""Rédaction de rapports d'études et notes de calcul"", 'Garantir la satisfaction client en proposant des solutions adaptées']","['Géotechnique (études et normes)', 'Gestion de projets et suivi de chantier', 'Négociation commerciale et établissement de devis', 'Rédaction de rapports techniques', 'Connaissance des normes et réglementations en vigueur', 'Travail en équipe et communication', ""Autonomie, rigueur et sens de l'organisation"", 'Permis B']",['Logiciels de modélisation géotechnique (non spécifiés)'],French,France (télétravail partiel possible),28,"Tech alignment (40%): The candidate has experience with Python, ArcGIS, Leapfrog Geo, and OpendTect, but these are geophysics/seismology tools, not geotechnical modelling software. There is minimal overlap with the geotechnical software suite required. Score: 15/100. Experience level (30%): The job requires at least 6 years in geotechnique specifically. The candidate has a combined experience across internships and short research contracts totalling roughly 1-2 years of professional experience, and none of it is in geotechnique proper. Score: 20/100. Domain relevance (20%): The candidate's background is in geophysics, seismology, and numerical geology, which is adjacent but distinctly different from geotechnique (soil mechanics, foundation engineering, civil applications). There is some geological overlap but the core domain diverges significantly. Score: 35/100. Constraints (10%): The role is based in France with partial telework, which aligns with the candidate's current position at Laboratoire Geoazur (France). Score: 80/100. Weighted score: (15×0.40) + (20×0.30) + (35×0.20) + (80×0.10) = 6 + 6 + 7 + 8 = 27, rounded to 28.",2026-07-24T13:13:48.309Z,2026-08-01,N/A,https://candidat.francetravail.fr/offres/recherche/detail/211QQSC
211QHJW,Foreur Géotechnicien,Géotechnique SAS,Mid-level / Technician,"['Conduire une foreuse sur chenille pour réaliser des prélèvements de sol et des essais en forage', 'Mettre en œuvre des techniques de forages destructifs (tarière, tricône, marteau hors trou et fond de trou), carottages, essais pénétrométriques et pressiométriques', 'Manipuler les outils de forage et appareils de mesure (enregistreur de paramètres)', ""Intervenir en extérieur dans des conditions variées au sein d'un binôme"", 'Assurer le contact avec les clients sur les chantiers', ""Rendre compte de l'avancée des travaux au responsable hiérarchique""]","['Autonomie et sens des initiatives', 'Calcul élémentaire', 'Maîtrise du français écrit et oral', 'Connaissances en mécanique et hydraulique (souhaitées)', 'Permis EB ou EC (obligatoire)', 'CACES n°2 (obligatoire)', 'Sauveteur Secouriste du Travail (SST) ou volonté de le devenir', 'Mobilité nationale', 'Respect des normes de sécurité et environnementales']","['Foreuse sur chenille', 'Enregistreur de paramètres de forage', 'Équipements de forage destructif (tarière, tricône, marteau fond de trou)', 'Appareils pénétrométriques et pressiométriques']",French,France (mobilité nationale requise),18,"Tech alignment (40%): The user's skills are centered on Python, C++, ArcGIS, Leapfrog Geo, OpendTect, seismicity analysis, and DAS — none of which match the drilling equipment, CACES machinery, and field geotechnical tools required here. Score: 5/100. Experience level (30%): The user has a research/engineering profile (Master's + research roles), while this role requires a field drilling technician with heavy equipment certifications (CACES n°2, permis EB/EC). The seniority type is entirely different. Score: 20/100. Domain relevance (20%): Both profiles fall broadly under geosciences, but the user's background is in geophysics, seismology, and numerical geology — quite distant from applied geotechnical drilling for construction projects. Score: 30/100. Constraints (10%): The role requires full national mobility across France; the user is currently based at Laboratoire Geoazur (France), so geographic presence is compatible, but the mobility demand is intensive. Score: 60/100. Weighted score: (5×0.4) + (20×0.3) + (30×0.2) + (60×0.1) = 2 + 6 + 6 + 6 = 20 ≈ 18 (rounded down given the strong mismatch in certifications and core tools).",2026-07-24T10:22:03.456Z,2026-08-01,N/A,https://candidat.francetravail.fr/offres/recherche/detail/211QHJW
211QHHF,Foreur Géotechnicien,Géotechnique SAS,Mid-level / Technician,"['Conduire une foreuse sur chenille pour réaliser des prélèvements de sol et des essais en forage', 'Mettre en œuvre des techniques de forage (tarière, tricône, marteau hors trou et fond de trou), carottages, essais pénétrométriques et pressiométriques', 'Manipuler les outils de forage et appareils de mesure (enregistreur de paramètres)', ""Intervenir en extérieur dans des conditions variées au sein d'un binôme"", 'Assurer le contact avec les clients sur les chantiers', ""Rendre compte de l'avancée des travaux au responsable hiérarchique""]","['Autonomie et sens des initiatives', 'Calcul élémentaire', 'Maîtrise du français écrit et oral', 'Connaissances en mécanique et hydraulique (idéalement)', 'Permis EB ou EC (obligatoire)', 'CACES n°2 (obligatoire)', 'Sauveteur Secouriste du Travail (SST) ou volonté de le devenir', 'Mobilité nationale', 'Sensibilité aux normes de sécurité et environnementales']","['Foreuse sur chenille', 'Outils de forage (tarière, tricône, marteau)', 'Enregistreur de paramètres', 'Appareils de mesure géotechnique']",French,France (mobilité nationale requise),18,"Tech alignment (40%): The user's profile centers on Python, ArcGIS, Leapfrog Geo, seismicity analysis, and DAS — none of which are relevant to this drilling/field technician role requiring CACES, foreuse, and mechanical skills. Score: ~5/100. Experience level (30%): The user holds two master's degrees and has research/engineering experience at CNRS, GFZ, and academic institutions, targeting analytical or research positions. This role is a field technician/operator position, which is well below the user's seniority and career trajectory. Score: ~10/100. Domain relevance (20%): There is a loose geological link (both involve subsurface/earth sciences), but the user specializes in geophysics, seismology, and numerical modeling, while this role is purely geotechnical drilling fieldwork. Score: ~30/100. Constraints (10%): The user is currently based in France (Laboratoire Geoazur), so geographic constraint is partially met, but the role demands full national mobility for field sites. Score: ~50/100. Weighted score: (5×0.4) + (10×0.3) + (30×0.2) + (50×0.1) = 2 + 3 + 6 + 5 = 16, rounded to 18 given partial geological domain overlap.",2026-07-24T10:20:59.631Z,2026-08-01,N/A,https://candidat.francetravail.fr/offres/recherche/detail/211QHHF
5420047,Chef de Projet Surveillance Après-Mine,BRGM (Bureau de Recherches Géologiques et Minières),Mid-Senior (Chef de Projet / Project Manager with team leadership),"[""Pilotage de la surveillance d'anciens ouvrages miniers (puits, sondages de décompression, terrils en échauffement)"", ""Gestion directe d'une équipe projet de 5 personnes"", ""Planification des activités terrain de l'équipe projet"", 'Participation aux tournées de contrôle des ouvrages miniers', 'Supervision de la bancarisation des données de surveillance et interprétation des résultats', ""Rédaction des cahiers des charges et livrables (comptes rendus, rapports d'études, rapports annuels)"", ""Participation au pilotage d'opérations de travaux de mise en sécurité d'anciens édifices miniers"", ""Contribution au SMQE (Système de Management de la Qualité et de l'Environnement)""]","[""Gestion de projet et encadrement d'équipe"", 'Connaissance des risques miniers et après-mine', ""Surveillance et inspection d'ouvrages miniers"", 'Interprétation de données de surveillance', 'Rédaction de rapports techniques', 'Planification et coordination terrain', 'Connaissance des réglementations minières françaises']","['Outils de bancarisation et gestion de données (non spécifiés)', 'Outils bureautiques (Microsoft Office ou équivalent)', ""Système de Management de la Qualité et de l'Environnement (SMQE)""]",French,"Hauts-de-France, France (on-site / field work required)",32,"Tech alignment (40%): The job requires project management tools, SMQE systems, and mining site monitoring tools not listed in the user's profile. The user's tools (Python, ArcGIS, Leapfrog Geo, OpendTect) are tangentially useful but not specifically required, yielding a low alignment (~20%). Experience level (30%): The role demands a senior project manager capable of directly managing a 5-person team and overseeing administrative/regulatory deliverables. The user has research-oriented experience at early-to-mid career level with no demonstrated team management experience, giving a moderate-low match (~35%). Domain relevance (20%): The user has a solid geoscience background (geological engineering, geophysics), which is broadly relevant to a geological public institution like BRGM. However, the specific domain of post-mining risk, mine shaft surveillance, and mining infrastructure management is not part of the user's background, yielding a partial match (~45%). Constraints (10%): The position is located in Hauts-de-France with mandatory field tours; the user is currently working in France (Geoazur/CNRS), so geographic mobility is plausible but not confirmed (~60%). Weighted score: (0.20*40) + (0.35*30) + (0.45*20) + (0.60*10) = 8 + 10.5 + 9 + 6 = 33.5 ≈ 32 (rounded conservatively given the management gap).",2026-07-24T09:00:40.073Z,2026-08-01,N/A,https://candidat.francetravail.fr/offres/recherche/detail/5420047
5393170,Ingénieur Risques Naturels / Géologue,BRGM (Bureau de Recherches Géologiques et Minières) - Direction Régionale Grand Est,Mid-level (Ingénieur),"['Participation à des projets de prévention des risques naturels (cavités souterraines, mouvements de terrain, érosion des sols)', 'Diagnostic des risques, caractérisation des phénomènes dangereux et cartographie des risques', 'Organisation et réalisation de missions de terrain sur différents aléas géologiques', 'Modélisations numériques dans les domaines des risques (cavités, érosion, chutes de blocs) et de la géologie', 'Valorisation et diffusion des résultats (publications scientifiques, communications écrites et orales)', 'Appui aux administrations et interventions catnat']","['Détection et modélisation des aléas glissements de terrain et chutes de blocs', 'Diagnostic et gestion des cavités anthropiques urbaines', ""SIG (Systèmes d'Information Géographique)"", 'Qualités rédactionnelles en français', 'Curiosité, persévérance, sens du contact', 'Dynamisme et inventivité', 'Capacité à travailler en réseau et en équipe']","['SIG / ArcGIS', 'Outils de modélisation numérique géologique', 'Outils de cartographie des risques']","French (primary, required)","Reims, France (Grand Est) – avec déplacements fréquents en région et dans les départements voisins; télétravail partiel possible",62,"Tech alignment (40%): The candidate has strong GIS/ArcGIS skills and numerical modelling experience (Python, C++, Leapfrog Geo), which partially match the job requirements. However, the job specifically requires expertise in cavity diagnosis, rockfall/landslide modelling, and urban geohazard assessment tools not explicitly mentioned in the candidate's profile. Score: ~60/100. Experience level (30%): The candidate is a geological engineer with a Master's in Numeric Geology and relevant research experience (CNRS, GFZ, RING Team). The role targets a mid-level engineer, which aligns reasonably well with the candidate's current position and academic background. Score: ~70/100. Domain relevance (20%): The candidate has strong experience in mass movement assessment (current CNRS role), seismicity, and geological modelling, which are related but not perfectly aligned. The BRGM role focuses more on surface geohazards (cavities, erosion, rockfalls) rather than seismology/geophysics. The DAS and mass movement work at Geoazur is the most relevant overlap. Score: ~65/100. Constraints (10%): The role is based in Reims, France. The candidate is currently working in France (Laboratoire Geoazur, likely Nice/Sophia Antipolis area), so relocation would be required. Frequent travel within the Grand Est region is expected. This may represent a moderate constraint. Score: ~50/100. Weighted score: (0.60×40) + (0.70×30) + (0.65×20) + (0.50×10) = 24 + 21 + 13 + 5 = 63 ≈ 62.",2026-07-24T00:32:05.000Z,2026-08-01,N/A,https://candidat.francetravail.fr/offres/recherche/detail/5393170
211QXNQ,Aide-Sondeur F/H,AERYS,Entry-level / Technician,"['Assist the lead driller in performing auger drilling, coring, destructive drilling, pressuremeter tests, and permeability tests', 'Prepare drilling equipment (rods, etc.)', 'Participate in machine installation at drilling points', 'Handle drilling equipment during preparation and dismantling of drilling workshops', 'Clean and maintain equipment, van, and site cleanliness', 'Secure and mark off construction site zones', 'Perform excavations', 'Participate in daily progress reports', 'Travel nationally as required']","['Prior experience as a drilling assistant or manual laborer in construction or public works', 'AIPR certification (required)', 'SST certification (desirable)', 'CACES R482 category B2 (a plus)', 'Team player with organizational skills', 'Willingness to travel nationally', 'Appreciation for manual/field work']","['Drilling rig and auger equipment', 'Dynamic penetrometer', 'Pressuremeter', 'Permeability testing equipment', 'CACES R482 B2 machinery (a plus)']",French,"Arcomps, France (18) – field-based with national travel",18,"Tech alignment (40%): The user's skills (Python, C++, ArcGIS, Leapfrog Geo, OpendTect, DAS, seismicity analysis) have virtually no overlap with the manual drilling tools and certifications (AIPR, CACES R482) required for this role. Score: ~5/100. Experience level (30%): The user holds two master's degrees and has research/engineering experience in academia and CNRS, which is far above the entry-level technician/field laborer profile sought. Score: ~10/100. Domain relevance (20%): There is a loose geological connection (the user is a geological engineer and the job involves geotechnical drilling), but the user's background is in geophysics, seismology, and numerical geology, not geotechnical field drilling or construction. Score: ~30/100. Constraints (10%): The job requires national travel in France; the user is currently based in France (Laboratoire Geoazur), so location is not a blocker. Score: ~70/100. Weighted score: (5×0.4) + (10×0.3) + (30×0.2) + (70×0.1) = 2 + 3 + 6 + 7 = 18.",2026-07-24T15:30:45.184Z,2026-08-01,N/A,https://candidat.francetravail.fr/offres/recherche/detail/211QXNQ
211QTNS,Technicien Géotechnicien / Ingénieur Géotechnicien,Géotechnique SAS,Mid-level / Junior,"['Réaliser des essais en mécanique des sols et géotechnique routière sur le terrain', 'Établir des DICT, préparer et implanter des chantiers', 'Suivre des sondages à la pelle mécanique et des travaux de terrassement', 'Assurer la sécurité des chantiers et le respect des EPI', 'Réaliser des essais en laboratoire (GTR, CBR, Proctor, valeur au bleu)', 'Décrire et ouvrir des échantillons carottés', ""Rédiger des comptes rendus journaliers et rapports d'études géotechniques"", 'Participer aux réunions de chantier et au contact client', 'Garantir la confidentialité des informations chantiers']","['Géotechnique et mécanique des sols', 'Génie civil ou sciences de la Terre', 'Rigueur et organisation', ""Autonomie sur le terrain et en bureau d'études"", 'Rédaction de rapports techniques en français', 'Respect des normes de sécurité et environnementales', 'Bon sens du relationnel et travail en équipe']","[""Équipements d'essais géotechniques (plaque, traction, chargement)"", 'Instrumentation de chantier', 'Matériel de laboratoire géotechnique', 'Outils bureautiques pour rédaction de rapports']",French,France (territoire national),30,"Tech alignment (40%): The candidate's tools (Python, ArcGIS, Leapfrog Geo, OpendTect, DAS) are oriented toward geophysics, seismology and numerical geology, with very little overlap with the geotechnical field tools required here (CBR, Proctor, plate load tests, soil mechanics lab equipment). Score: ~15/100. Experience level (30%): The candidate has a master's degree and research/engineering experience, which partially matches a mid-level role, but their experience is academic/research-oriented rather than applied geotechnics fieldwork. Score: ~45/100. Domain relevance (20%): There is a broad Earth Sciences connection, but the candidate's background is in geophysics, seismology, DAS and numerical geology — quite different from applied geotechnics, soil mechanics, road geotechnics and construction projects. Score: ~30/100. Constraints (10%): The position is in France, and the candidate is currently working in France (Laboratoire Geoazur), so location is compatible. Score: ~80/100. Weighted score: (15×0.4) + (45×0.3) + (30×0.2) + (80×0.1) = 6 + 13.5 + 6 + 8 = 33.5 ≈ 30 (rounded conservatively given the significant domain mismatch).",2026-07-24T14:26:45.678Z,2026-08-01,N/A,https://candidat.francetravail.fr/offres/recherche/detail/211QTNS
211QTKK,Géotechnicien(ne) Polyvalent(e) - Terrain / Laboratoire / Bureau d'Études,Géotechnique SAS,Junior to Mid-level,"['Réaliser des essais en mécanique des sols et en géotechnique routière (terrain et laboratoire)', 'Établir des DICT, préparer et implanter des chantiers', 'Suivre des sondages à la pelle mécanique et des travaux de terrassement', 'Assurer la sécurité des chantiers et le respect des EPI', 'Réaliser des essais GTR, CBR, Proctor, valeur au bleu en laboratoire', 'Décrire et ouvrir des échantillons carottés', 'Dépouiller des dossiers et rédiger des comptes rendus et rapports géotechniques', 'Participer aux réunions de chantier et au contact client']","['Géotechnique et mécanique des sols', 'Génie civil ou Sciences de la Terre', 'Rédaction de rapports techniques en français', 'Rigueur, autonomie et organisation', 'Respect des normes de sécurité et environnementales', 'Bon relationnel et travail en équipe']","[""Équipements d'essais géotechniques (plaque, traction, chargement)"", 'Instrumentation de chantier', 'Matériel de laboratoire géotechnique', 'Logiciels bureautiques (rédaction de rapports)']",French,"France (national territory, field missions)",34,"Tech alignment (40%): The user's tools (Python, ArcGIS, Leapfrog Geo, OpendTect, DAS) are research/geophysics-oriented and do not overlap with the geotechnical field/lab tools required here (CBR, Proctor, plate load tests, soil mechanics equipment). Score: ~15/100. Experience level (30%): The user has a researcher/engineer profile with master's degrees, but the role targets a junior-to-mid polyvalent geotechnician comfortable with field and lab work. The user's academic and research background is slightly overqualified in some dimensions but lacks the practical geotechnical field/lab experience expected. Score: ~45/100. Domain relevance (20%): The user's background is in geophysics, seismology, and numerical geology, which is adjacent but distinct from applied geotechnique (soil mechanics, road geotechnics, construction). The DAS and mass movement work at Geoazur has some tangential overlap, but the core domain mismatch is significant. Score: ~40/100. Constraints (10%): The user is currently based in France (working at Laboratoire Geoazur, CNRS), so geographic fit is plausible. Score: ~70/100. Weighted score: (15*0.4) + (45*0.3) + (40*0.2) + (70*0.1) = 6 + 13.5 + 8 + 7 = 34.5 ≈ 34.",2026-07-24T14:24:42.187Z,2026-08-01,N/A,https://candidat.francetravail.fr/offres/recherche/detail/211QTKK
211QGVD,Technicien(ne) Géotechnicien(ne),Géotechnique SAS,Junior to Mid-level,"['Réaliser des essais en mécanique des sols et en géotechnique routière', 'Établir des DICT, préparer et implanter des chantiers', 'Suivre des sondages à la pelle mécanique et des travaux de terrassement', 'Assurer la sécurité des chantiers et le respect des EPI', 'Réaliser des essais en laboratoire (GTR, CBR, Proctor, valeur au bleu)', 'Décrire et ouvrir des échantillons carottés', 'Rédiger des comptes rendus journaliers et des rapports géotechniques', 'Participer aux réunions de chantier et au contact client', 'Entretenir le matériel et le laboratoire']","['Géotechnique et mécanique des sols', 'Géotechnique routière', 'Rigueur et autonomie', 'Rédaction de rapports techniques en français', 'Respect des normes de sécurité et environnementales', 'Sens du relationnel et travail en équipe', ""Polyvalence terrain / laboratoire / bureau d'études""]","[""Matériel de sondage et d'instrumentation géotechnique"", 'Équipements de laboratoire (CBR, Proctor, etc.)', 'Logiciels bureautiques (rédaction de rapports)']",French,France (territoire national),28,"Tech alignment (40%): The user's tools (Python, C++, ArcGIS, Leapfrog Geo, OpendTect) are oriented toward geophysics and numerical geology, with very little overlap with geotechnical field/lab equipment (CBR, Proctor, sondage, etc.) required here. Score: 15/100. Experience level (30%): The user has a senior academic and research profile (two Masters, CNRS researcher, GFZ intern), while this role targets a junior-to-mid field technician profile. There is a significant mismatch in career trajectory. Score: 35/100. Domain relevance (20%): There is a broad Earth Sciences connection (geological engineering background), but the user's domain is geophysics, seismology, and numerical geology — not geotechnical engineering or soil mechanics. Score: 40/100. Constraints (10%): The position is based in France, which aligns with the user's current location (Laboratoire Geoazur, CNRS, France). Score: 80/100. Weighted score: (15×0.4) + (35×0.3) + (40×0.2) + (80×0.1) = 6 + 10.5 + 8 + 8 = 32.5, rounded to 28 after penalizing for strong mismatch in specialization.",2026-07-24T10:11:57.809Z,2026-08-01,N/A,https://candidat.francetravail.fr/offres/recherche/detail/211QGVD
5402754,Sondeur / Sondeuse Géotechnique,N/A,Mid-level (2-5 years experience),"['Préparation, vérification et transport du matériel de forage (sondeuse, outils)', 'Organisation de la zone de travail en sécurité', 'Exécution des forages et sondages géotechniques (essais au pénétromètre, tarière, fouilles sur fondation, sondages pressiométriques)', ""Prélèvements d'échantillons de sols et de roches selon les normes (conservation, étiquetage)"", 'Tenue à jour des journaux de sondage détaillés', 'Maintenance de premier niveau de la machine', 'Application des règles de sécurité et environnementales']","['Maîtrise des techniques de sondages géotechniques', 'Rigueur dans les prélèvements et le reporting', 'Autonomie sur le terrain', 'Engagement pour la sécurité', 'Permis B']","['Sondeuse (drilling rig)', 'Pénétromètre', 'Tarière', 'Outils pressiométriques']",French,N/A (on-site field work implied),22,"Tech alignment (40%): The candidate's profile focuses on geophysics, seismology, Python, ArcGIS, Leapfrog Geo, and DAS data analysis — none of which match the hands-on drilling and geotechnical testing tools required (sondeuse, pénétromètre, tarière, pressiomètre). Score: ~5/100. Experience level (30%): The job targets a field technician with a CQP Sondeur or Bac Pro TP and 2-5 years of drilling experience. The candidate holds two Master's degrees and works as a research engineer/scientist, which is a different career track entirely. Score: ~20/100. Domain relevance (20%): There is a broad geological/earth sciences overlap, but the candidate's background is in geophysics, seismology, and numerical geology rather than applied geotechnical field drilling. Score: ~40/100. Constraints (10%): No location information is provided for the job; the candidate is currently based in France (Laboratoire Geoazur), so geographic constraint is neutral. Score: ~60/100. Weighted score: (5×0.4) + (20×0.3) + (40×0.2) + (60×0.1) = 2 + 6 + 8 + 6 = 22.",2026-07-24T04:31:28.000Z,2026-08-01,N/A,https://candidat.francetravail.fr/offres/recherche/detail/5402754
211QXVC,Chef Sondeur,AERYS,Mid-Senior (minimum 5 years of experience in drilling or team leadership),"['Réalisation de sondages et forages (carottages, pressiomètres, piézomètres)', 'Nivellement des sondages et essais de mesure', ""Vérification de l'étalonnage des instruments de mesure"", 'Prélèvements et essais in-situ sur chantier', 'Préparation, entretien et maintien du matériel et du chantier', 'Encadrement et formation des aides sondeurs', 'Participation aux comptes rendus journaliers']","['Minimum 5 years experience in drilling or team leadership (geotechnics, civil works or construction)', 'AIPR certification (mandatory)', 'SST certification (appreciated)', 'CACES R482 category B2 (strong plus)', 'Permis B (mandatory), categories EB and C (appreciated)', 'Knowledge of the local area (Orléans region)', 'Availability for national travel', 'Manual work aptitude, autonomy, team spirit']","['Pressiometer', 'Piezometer', 'Dynamic penetrometer', 'Permeability testing equipment', 'Drilling and coring equipment', 'Measurement calibration instruments']",French,"Chaingy (45), Orléans region, France (on-site, with national travel)",18,"Tech alignment (40%): The user's technical background is in geophysics, seismology, Python, C++, ArcGIS, DAS, and numerical geology — none of which align with the hands-on drilling, geotechnical field testing, and equipment operation required for this role. Score: 5/100. Experience level (30%): The user has research and engineering experience but in academic/research contexts, not in field drilling operations or team leadership in geotechnics/construction. The role requires 5+ years of field drilling experience and specific certifications (AIPR, CACES) the user does not appear to hold. Score: 15/100. Domain relevance (20%): There is a broad geological connection, but the role is specifically focused on applied geotechnical field operations (drilling, sampling, in-situ testing), which is quite distant from the user's seismology, geophysics, and numerical geology background. Score: 30/100. Constraints (10%): The user is based in France and has international mobility experience, so the location in Orléans is not unreasonable. However, the role requires national travel and hands-on field presence. Score: 60/100. Weighted score: (5×0.4) + (15×0.3) + (30×0.2) + (60×0.1) = 2 + 4.5 + 6 + 6 = 18.5 → rounded to 18.",2026-07-24T15:36:04.333Z,2026-08-01,N/A,https://candidat.francetravail.fr/offres/recherche/detail/211QXVC
5352361,Chef de Projet - Surveillance d'Anciens Ouvrages Miniers,BRGM - Direction Prévention et Sécurité Minière (DPSM),"Mid-Senior (3-5 years experience required, project management role with team of 5)","[""Pilotage de la surveillance d'anciens ouvrages miniers (puits, sondages de décompression, terrils en échauffement)"", ""Gestion directe d'une équipe projet de 5 personnes"", ""Planification des activités terrain de l'équipe projet"", 'Participation aux tournées de contrôle des ouvrages miniers', 'Supervision de la bancarisation des données et interprétation des résultats', ""Rédaction des cahiers des charges et livrables (comptes rendus, rapports d'études, rapports annuels)"", ""Participation au pilotage d'opérations de travaux pour la mise en sécurité d'anciens édifices miniers"", ""Contribution au SMQE (Système de Management de la Qualité et de l'Environnement)""]","['Géologie', 'Mécanique des fluides et écoulements souterrains', 'Hydrogéologie et chimie', 'Géotechnique (un plus)', 'Gestion de réservoirs gaz (un plus)', 'Mesures physiques et traitement de données', 'Maîtrise de la gestion de projet pluridisciplinaire', 'Parfaite maîtrise du français écrit et oral', 'Connaissance des risques ATEX', 'Connaissance du code de la commande publique (un plus)', ""Goût du terrain, esprit d'équipe, organisation, rigueur, autonomie""]","['Logiciels bureautiques (Microsoft Office ou équivalent)', 'Outils cartographiques / SIG (ArcGIS ou équivalent)']","French (mandatory, perfect written and oral proficiency)","Hauts-de-France, France (Bassin Minier du Nord Pas de Calais) - frequent on-site travel required; telework partially available",34,"Tech alignment (40%): The candidate has GIS/ArcGIS experience and Python/data processing skills, which partially match the SIG and data treatment requirements. However, the job specifically requires hydrology, fluid mechanics, geotechnical, and mine-related competencies not evidenced in the profile. Estimated tech score: ~40/100. Experience level (30%): The role requires 3-5 years of experience including at least 3 years in multidisciplinary project management. The candidate has a fragmented experience: a current position since Jun 2025 (~2 months), a 9-month researcher role in 2023, and a 5-month internship in 2019. There is no demonstrated project management leadership or team management experience. Estimated experience score: ~25/100. Domain relevance (20%): The candidate's background is in geophysics, seismology, and numerical geology. The job focuses on post-mining site management, geotechnics, hydrogeology, and subsurface gas reservoirs — adjacent but not directly matching domains. Estimated domain score: ~35/100. Constraints (10%): The role requires French language proficiency (not evidenced), a Category B driving licence (unknown), and frequent travel in northern France. The candidate is based in an international context. Estimated constraint score: ~20/100. Weighted score: (40 * 0.40) + (25 * 0.30) + (35 * 0.20) + (20 * 0.10) = 16 + 7.5 + 7 + 2 = 32.5, rounded to 33. Adjusted to 34 accounting for partial GIS and geosciences degree alignment.",2026-07-23T00:32:47.000Z,2026-08-01,N/A,https://candidat.francetravail.fr/offres/recherche/detail/5352361
211NQQN,Ingénieur(e) / Chargé(e) de Projet Géotechnique,N/A,Mid to Senior (minimum 5 years experience required),"['Manage client relationships and respond to calls for tender / quotes', 'Conduct geotechnical studies including dimensioning, calculations, and reports', 'Follow-up on geotechnical projects and construction sites', 'Optional: manage teams of technicians and engineers', 'Optional: distribute projects and manage workload planning', 'Optional: participate in business development', 'Optional: fieldwork missions']","['Geotechnical engineering (G1 to G5 missions)', 'Structural/geotechnical dimensioning and calculations', 'Report writing', 'Project management', 'Client relationship management', 'Team management (optional)']","['Geotechnical software (unspecified)', 'N/A']",French,"France (local projects, no travel required)",38,"Tech alignment (40%): The user's tools (Python, ArcGIS, Leapfrog Geo, OpendTect) are oriented toward geophysics and seismology rather than geotechnical engineering. No overlap with typical geotechnical software (e.g., Plaxis, Kiri, Geostab). Score: 15/100. Experience level (30%): The job requires a minimum of 5 years of geotechnical experience. The user has relevant engineering experience but focused on geophysics/seismology/numerical geology, not geotechnical engineering per se, and cumulative experience is around 3-4 years across roles. Score: 40/100. Domain relevance (20%): The user's background is in geological engineering, geophysics, and seismology — adjacent to but distinctly different from geotechnical engineering (soil mechanics, foundation design, G1-G5 missions). There is some domain overlap in earth sciences but not a strong match. Score: 45/100. Constraints (10%): The position is in France with no travel, which is compatible with the user's current location (Laboratoire Geoazur, France). Score: 80/100. Weighted score: (15×0.4) + (40×0.3) + (45×0.2) + (80×0.1) = 6 + 12 + 9 + 8 = 35, rounded to 38 accounting for geological engineering degree relevance.",2026-07-22T19:19:42.195Z,2026-08-01,N/A,https://candidat.francetravail.fr/offres/recherche/detail/211NQQN
211NQQL,Ingénieur(e) / Chargé(e) de Projet Géotechnique,N/A,Mid to Senior (minimum 5 years experience required),"['Management of geotechnical missions G1 to G5', 'Client relationship management and response to calls for tenders/quotes', 'Geotechnical studies including dimensioning, calculations, and reports', 'Follow-up of geotechnical projects and construction sites', 'Optional: team management (technicians and engineers)', 'Optional: project distribution and scheduling', 'Optional: participation in business development']","['Geotechnical engineering (minimum 5 years experience)', 'Geotechnical studies and calculations (dimensioning)', 'Project management', 'Client relations and tender responses', 'Team-oriented mindset', 'Ability to work on varied projects']","['Geotechnical software (not specified)', 'Microsoft Office (implied)']",French,"France (local projects, no travel required)",32,"Tech alignment (40%): The user's technical background is in geophysics, seismology, and numerical geology rather than geotechnique. Some overlap exists (ArcGIS, geological engineering background), but no specific geotechnical software or calculation tools match. Score: ~25/100. Experience level (30%): The job requires a minimum of 5 years of geotechnical experience. The user has relevant engineering experience but spread across geophysics and research roles, not geotechnical engineering specifically. The user's total professional experience is also below 5 years in any single domain. Score: ~30/100. Domain relevance (20%): The user's background in geological engineering provides some domain adjacency, but the job is squarely in applied geotechnics (G1-G5 missions, site investigations, foundations), which is quite different from the user's focus on seismology, DAS, and numerical geology. Score: ~40/100. Constraints (10%): The job is France-based and the user is currently working at Laboratoire Geoazur (CNRS) in France, which is a positive alignment. Score: ~70/100. Weighted score: (25*0.4) + (30*0.3) + (40*0.2) + (70*0.1) = 10 + 9 + 8 + 7 = 34, rounded to 32 considering the language barrier (French) and specialization mismatch.",2026-07-22T19:19:16.636Z,2026-08-01,N/A,https://candidat.francetravail.fr/offres/recherche/detail/211NQQL
211MYRZ,Technicien terrain - Suivi de chantier (H/F),CYATHEA EODD (EODD ingénieurs conseils),"Junior / Technicien (Bac+2 minimum, première expérience en bureau d'études requise)","['Préparer les missions de terrain (informations du site, matériel, EPI)', 'Déterminer les visites sur chantier en collaboration avec les clients', ""Réaliser des opérations d'observations, mesures de terrain et descriptifs de chantiers"", 'Assurer des suivis scientifiques (faune et flore)', 'Collecter et saisir les résultats dans les bases de données', 'Participer aux réunions de chantier', 'Rédiger les comptes-rendus des chantiers', ""Participer au développement des savoir-faire de l'équipe via des groupes de travail internes""]","[""Écologie ou sciences de l'environnement (Bac+2 minimum)"", 'Goût affirmé pour le terrain', 'Rigueur technique', 'Autonomie et bonne organisation', 'Respect des procédures et règles de sécurité', 'Réactivité et adaptabilité', 'Suivi environnemental et écologique', 'Suivi faune et flore']","['Bases de données environnementales (non spécifiées)', 'EPI (Équipements de Protection Individuelle)', 'Outils de saisie de données terrain (non spécifiés)']",French,"Mayotte (976), France - Déplacements prévus sur la zone Océan Indien",12,"Tech alignment (40%): Very low match. The user's technical toolkit (Python, C++, ArcGIS, Leapfrog Geo, OpendTect, DAS, seismology software) has almost no overlap with what this field technician role requires (ecological field monitoring, fauna/flora surveys, environmental databases). Score: 5/100. Experience level (30%): Partial mismatch. The role targets Bac+2 junior profiles with a first experience in a consultancy, while the user holds two Master's degrees and has research-level experience at CNRS, GFZ, and RING Team — significantly overqualified. Score: 20/100. Domain relevance (20%): Very low. The user's background is in geophysics, seismology, and numerical geology. The job focuses on environmental/biodiversity monitoring, ecology, and fauna/flora surveys — a distinct domain with minimal overlap. Score: 10/100. Constraints (10%): The position is based in Mayotte with frequent travel across the Indian Ocean region. The user is currently based at Laboratoire Geoazur (France/Nice area), and no relocation preference is stated, making this a potentially significant constraint. Score: 20/100. Weighted score: (5×0.4) + (20×0.3) + (10×0.2) + (20×0.1) = 2 + 6 + 2 + 2 = 12.",2026-07-22T13:36:51.618Z,2026-08-01,N/A,https://candidat.francetravail.fr/offres/recherche/detail/211MYRZ
211MBWL,Sondeur Géotechnicien,Géotec,Mid-level (2-3 years minimum experience required),"['Preparation of equipment for various construction sites', 'Execution of drilling and tests (cored boreholes, pressuremeter tests, instrumentation installation, penetrometers, permeability tests)', 'On-site intervention respecting safety guidelines', 'Management of drilling workshops (material and human resources)', 'Maintenance and proper use of sounding and measurement devices']","['Minimum 2-3 years of geotechnical experience as a driller/sondeur', 'Organization and autonomy', 'Versatility and adaptability', 'Safety compliance', 'Willingness to work outdoors and travel regularly', ""Driver's license B and C (BE is a plus)""]","['Drilling/sounding equipment', 'Pressuremeter apparatus', 'Penetrometer equipment', 'Permeability testing instruments', 'Instrumentation for field monitoring']",French,"France (national travel required, weekly displacements expected)",22,"Tech alignment (40%): The user's profile focuses on geophysics, seismology, Python, C++, ArcGIS, Leapfrog Geo, and DAS analysis — none of which overlap with the field drilling and geotechnical equipment required for this role. Score: 5/100. Experience level (30%): The job requires 2-3 years of hands-on geotechnical drilling experience. The user has research and engineering experience but not as a field driller/sondeur. Score: 20/100. Domain relevance (20%): There is a loose geological/geotechnical connection, but the user's background is in geophysics, seismology, and numerical geology, which is quite different from applied geotechnical site investigation. Score: 30/100. Constraints (10%): The role requires frequent weekly travel across France and driving licenses B and C, which are not mentioned in the user's profile. Score: 40/100. Weighted score: (5×0.40) + (20×0.30) + (30×0.20) + (40×0.10) = 2 + 6 + 6 + 4 = 18, rounded to 22 accounting for partial geological domain overlap.",2026-07-21T16:51:28.208Z,2026-08-01,N/A,https://candidat.francetravail.fr/offres/recherche/detail/211MBWL
5202766,Stagiaire (Intern) - Various Departments,E.Leclerc St Nicolas de Redon,Internship / Entry Level,"['Commerce & Sales: Product promotion, customer advising, stock management', 'Specialized roles: Culture, Jewelry, Parapharmacy, Travel agency', 'Logistics: Drive organization, merchandise reception, flow management', 'Management: Assistance in department management and team coordination']","['Customer service', 'Sales', 'Stock management', 'Team support', 'Willingness to learn']",['N/A'],French,"St Nicolas de Redon, France (on-site, ~45 min from Nantes and Rennes)",3,"Tech alignment (40%): ~0/10 - The job requires no technical tools relevant to the candidate's profile (Python, C++, ArcGIS, Leapfrog Geo, OpendTect). There is zero overlap. Experience level (30%): ~1/10 - The position is an internship targeting students or entry-level candidates seeking general retail/commercial training, while the candidate holds two master's degrees and has advanced research and professional experience. Domain relevance (20%): ~0/10 - The job is in retail, logistics, and commerce, completely unrelated to geophysics, seismology, geological engineering, or numerical geology. Constraints (10%): ~5/10 - The location in western France is geographically plausible for a France-based candidate, but no remote policy is offered and the role is entirely on-site in a retail setting. Weighted score: (0*0.40) + (1*0.30) + (0*0.20) + (5*0.10) = 0 + 0.3 + 0 + 0.5 = 0.8 out of 10, approximately 3 out of 100 after scaling. This job is a very poor match for this candidate's highly specialized scientific profile.",2026-07-21T12:08:57.000Z,2026-08-01,N/A,https://candidat.francetravail.fr/offres/recherche/detail/5202766
211KMVW,Technicien en Géophysique,Groupe ALIOS,Junior / Technician (Bac+2 or Bachelor in Geosciences),"['Implement measurement devices and coordinate geophysical data acquisition campaigns (ERT, seismic, microgravimetry, radar, electromagnetism, etc.)', 'Perform GNSS surveys and implantations', 'Prepare and conduct field investigations respecting specifications, deadlines, quality requirements, and safety rules', 'Download, process, and pre-analyze acquired data under supervision of the geophysical engineer', 'Prepare, verify, and maintain investigation equipment', 'Ensure compliance with hygiene, safety, and environmental protection rules on sites and within the agency']","['Geophysical data acquisition and field investigation', 'GNSS surveys', 'Data processing and pre-analysis', 'Rigor and organizational skills', 'Autonomy and teamwork', 'Adaptability to varied work environments', 'Knowledge of MASE certification or HSE procedures (advantageous)', 'Valid driving license (permis B) mandatory']","['ERT equipment', 'Seismic acquisition systems', 'Microgravimetry instruments', 'Ground-penetrating radar', 'Electromagnetic sensors', 'GNSS systems']",French,"Longvic (near Dijon), France — with regular travel across France",42,"Tech alignment (40%): The candidate has geophysics knowledge and seismicity analysis experience, which partially aligns with the seismic acquisition component of this role. However, the job specifically requires hands-on field technician skills (ERT, microgravimetry, radar, electromagnetics, GNSS), which are not explicitly mentioned in the candidate's profile. Score: 40/100. Experience level (30%): The candidate holds two Master's degrees and has research/engineering-level experience at CNRS, GFZ, and RING Team, making them significantly overqualified for a Bac+2 technician role. The job targets junior technicians, not researchers or engineers. Score: 25/100. Domain relevance (20%): The candidate's background in geophysics and seismology is broadly relevant to geophysical investigations, but their focus is research-oriented (seismicity, DAS, numerical geology) rather than applied field geophysics for construction and geotechnical projects. Score: 55/100. Constraints (10%): The position is based in Longvic (Dijon), France, and the candidate is currently working at Laboratoire Geoazur (CNRS) in France, suggesting geographic compatibility is plausible. However, no explicit location preference was stated. Score: 60/100. Weighted score: (40×0.40) + (25×0.30) + (55×0.20) + (60×0.10) = 16 + 7.5 + 11 + 6 = 40.5 ≈ 42.",2026-07-20T14:53:32.869Z,2026-08-01,N/A,https://candidat.francetravail.fr/offres/recherche/detail/211KMVW
211KCPZ,Instructeur/Instructrice Autorisations d'Urbanisme (ADS),Loire Forez Agglomération,Mid-level / Experienced,"[""Instruire les demandes d'autorisations d'urbanisme (permis de construire, démolir, aménager, déclarations préalables, certificats d'urbanisme, autorisations de travaux ERP)"", ""Rédiger des propositions de courrier et décisions relatives aux autorisations d'urbanisme"", ""Assurer la gestion et le suivi administratif des actes d'urbanisme"", ""Informer les élus et pétitionnaires sur les actes d'urbanisme avec explications techniques et juridiques""]","[""Connaissance du code de l'urbanisme, de la construction et de l'habitation"", ""Maîtrise des règles et procédures d'urbanisme"", ""Notions de droit pénal et civil de l'urbanisme"", ""Notions de fiscalité de l'urbanisme"", ""Capacité d'analyse et de synthèse"", 'Rigueur et organisation', ""Esprit d'équipe et sens des procédures"", 'Lecture de plans', 'Permis B']","['Outils bureautiques (Microsoft Office ou équivalent)', ""SIG (Système d'Information Géographique)""]",French,"Montbrison, Loire, France (on-site)",18,"Tech alignment (40%): The candidate has SIG/GIS experience (ArcGIS 10.x) which partially overlaps, but the job requires urban planning software and dématérialized instruction tools not mentioned in the profile — score ~20/100. Experience level (30%): The candidate has research/engineering experience but none in urban planning administration or public service; the job requires experience in 'droit des sols' specifically — score ~15/100. Domain relevance (20%): The candidate's background is in geophysics, seismology, and geological engineering — very far from urban planning law (urbanisme, droit de la construction) — score ~10/100. Constraints (10%): The candidate is currently based in France (Geoazur/CNRS), so geographic proximity is plausible, but the role is in Montbrison which may be a constraint; no strong mismatch — score ~50/100. Weighted score: (20×0.4) + (15×0.3) + (10×0.2) + (50×0.1) = 8 + 4.5 + 2 + 5 = 19.5 ≈ 18.",2026-07-20T11:19:45.406Z,2026-08-01,2026-09-07,https://candidat.francetravail.fr/offres/recherche/detail/211KCPZ
211KBJP,Ingénieur Risques Naturels et Géotechnique,SEFAB (Groupe GEOTEC),Mid-level (2-3 years minimum experience),"['Diagnostics et expertises en risques naturels (éboulements, chutes de blocs, glissements de terrain)', ""Investigations et reconnaissances de terrain en milieux escarpés ou d'accès difficile"", ""Analyses des aléas, modélisations et dimensionnements d'ouvrages de protection"", ""Rédaction de rapports techniques et notes d'études (missions G1 à G5, Maîtrise d'œuvre)"", ""Maîtrise d'œuvre et suivi de chantier"", 'Gestion des urgences et interventions rapides', 'Gestion technique, administrative et financière des affaires', 'Développement et entretien des relations clients, entreprises et partenaires', 'Participation au développement commercial du pôle Risques Naturels', 'Développement de nouvelles méthodes de calcul et de dimensionnement']","['Géotechnique et géologie appliquée', 'Analyse des aléas naturels (éboulements, glissements, chutes de blocs)', ""Modélisation et dimensionnement d'ouvrages de protection"", ""Maîtrise d'œuvre et suivi de chantier"", 'Gestion de projet (technique, administrative, financière)', 'Relationnel client et développement commercial', ""Gestion des situations d'urgence"", 'Capacités terrain en milieux escarpés (cordiste CQP/IRATA ou escalade/montagne)', 'Permis B', 'Autonomie et rigueur']","['Logiciels de modélisation géotechnique/risques naturels (non spécifiés explicitement)', 'Outils de rédaction de rapports techniques', ""Outils SIG (implicitement requis pour analyse d'aléas)""]",French,France (déplacements nationaux possibles),42,"Tech alignment (40%): The candidate has relevant geoscience tools (ArcGIS, Python, Leapfrog Geo) and experience in mass movement assessment using seismic data and DAS, which partially aligns with natural hazard analysis. However, the job requires geotechnical engineering software, field investigation in steep terrain, structural protection dimensioning, and construction site supervision — none of which are explicitly present in the profile. Score: ~35/100. Experience level (30%): The candidate has ~2 years of relevant research/engineering experience (GFZ internship, RING researcher, current CNRS role), which meets the 2-3 year minimum. However, all experience is research-oriented, with no mention of maîtrise d'œuvre, client-facing work, or construction site follow-up. Score: ~45/100. Domain relevance (20%): The candidate's background in mass movement susceptibility (debris flows, ambient noise, DAS) is directly relevant to natural hazards. However, the role is heavily geotechnical (rock falls, slope stabilization, protective structures) and commercially oriented, which differs from the purely research/academic profile. Score: ~55/100. Constraints (10%): The job is in France, where the candidate is already based (working at Geoazur, CNRS). A driving license is required (not confirmed in profile). The role requires rope access skills (CQP/IRATA or climbing), not mentioned in the profile — a significant gap. Score: ~40/100. Weighted score: (35×0.4) + (45×0.3) + (55×0.2) + (40×0.1) = 14 + 13.5 + 11 + 4 = 42.5 → 42.",2026-07-20T10:54:11.504Z,2026-08-01,N/A,https://candidat.francetravail.fr/offres/recherche/detail/211KBJP
5130904,Ingénieur(e) IVV Segment Sol Mission,CS (filiale Sopra Steria),Mid-Senior (Bac+5 + minimum 3 years experience in IVV activities),"['Analyze functional documentation and associated requirements', 'Deploy and configure systems based on installation procedures', 'Develop test plans', 'Prepare, understand and execute functional test procedures', 'Conduct test campaigns', 'Verify system compliance with functional and business expectations', 'Identify, qualify and document detected anomalies', 'Ensure traceability of tests and results', 'Prepare and participate in client acceptance reviews']","['Integration, Verification and Validation (IVV) activities', 'Functional testing', 'Earth Observation mission understanding', 'Requirements traceability', 'Anomaly documentation', 'Continuous integration and containerization', 'Scripting and deployment', 'ECSS standards knowledge (a plus)']","['Git', 'Docker', 'SquashTM', 'Doors', 'Jama', 'Python', 'Bash', 'Ansible', 'Jira', 'Mantis']","French (primary), English (mandatory - written, read, spoken)","France (likely Toulouse or Paris region, on-site/hybrid implied for critical space programs)",22,"Tech alignment (40%): The candidate knows Python, which is one of the tools required, but lacks experience with Git, Docker, SquashTM, Doors, Jama, Ansible, Jira, or Mantis. Score ~15/100. Experience level (30%): The candidate has relevant academic and research experience but no IVV or systems engineering experience in the space/defense sector; the role requires minimum 3 years of IVV experience specifically. Score ~20/100. Domain relevance (20%): The candidate's background is in geophysics, seismology, and geological engineering — quite distant from space segment ground systems, Earth observation satellite operations, and aerospace IVV. There is a marginal overlap in Earth observation awareness but not in the engineering discipline required. Score ~15/100. Constraints (10%): The candidate is currently based in France (working at Laboratoire Geoazur), so geographic constraints are partially satisfied. Score ~70/100. Weighted score: (15*0.4) + (20*0.3) + (15*0.2) + (70*0.1) = 6 + 6 + 3 + 7 = 22.",2026-07-19T05:30:55.000Z,2026-08-01,N/A,https://candidat.francetravail.fr/offres/recherche/detail/5130904
5063722,Ingénieur(e) Géophysicien(ne),EDF (DirIN - Département TEGG),Junior to Mid-level (Bac+5 with first experience via internship/work-study),"['Pilot geophysical reconnaissance campaigns: feasibility, technical specifications, in-situ work control, results analysis', 'Perform autonomous multi-method test plots with support from experienced engineer', 'Provide multi-method expertise in seismic campaigns, electrical resistivity tomography, and borehole measurements', 'Implement geophysical methods for hydraulic structure leak detection (acoustic, spontaneous polarization, subaquatic imaging, drone-mounted)', 'Participate in equipment maintenance and measurement exploitation', 'Manage and develop geophysical data databases', 'Contribute to development and qualification of multi-method analysis methodologies (Python, MATLAB)', 'Participate in experimental setups for lab or in-situ tests', 'Contribute to transversal geological modeling competence development']","['Geophysical methods (seismic, electrical, signal processing)', 'Geology and geotechnique knowledge', 'Field mission capability (France and international)', 'Data analysis and programming', 'Autonomy, rigor, organizational skills', 'Team collaboration and technical communication']","['Python', 'MATLAB', 'COMSOL']","French (primary), job description entirely in French","Aix-en-Provence, France (on-site, with field missions in France and potentially abroad)",72,"Tech alignment (40%): The candidate has strong Python skills and geophysics expertise including seismicity analysis and signal processing. However, MATLAB and COMSOL are listed as required and not mentioned in the profile. DAS and ambient-noise cross-correlation are relevant but not explicitly matched to EDF's focus on ERT, borehole methods, and drone-based techniques. Score: ~65%. Experience level (30%): The candidate holds a Master in Geophysics (2020-2022) and a Master in Numeric Geology (2023-2024), with relevant internship at GFZ and current research role at Geoazur. This fits the junior-to-mid profile (Bac+5 + first experience) well. Score: ~85%. Domain relevance (20%): The candidate's background in seismology, geophysics, and geological engineering is highly relevant to the TEGG department's geoscience mandate for nuclear and hydroelectric facilities. Score: ~80%. Constraints (10%): The role is based in Aix-en-Provence with field missions; the candidate is currently based in France (Geoazur/CNRS). Location appears compatible. Score: ~80%. Weighted score: (0.65*40) + (0.85*30) + (0.80*20) + (0.80*10) = 26 + 25.5 + 16 + 8 = 75.5, rounded to 72 considering MATLAB/COMSOL gap and French language requirement not confirmed in profile.",2026-07-17T03:20:52.000Z,2026-08-01,N/A,https://candidat.francetravail.fr/offres/recherche/detail/5063722
211HRHL,Ingénieur(e) Géotechnique / Chef(fe) de Projet,N/A,"Mid to Senior (minimum 3 years experience in geotechnics, project management responsibilities)","['Carry out geotechnical engineering missions (G1 to G5)', 'Manage client relationships from needs definition to project delivery', 'Produce technical quotes and reports', 'Perform geotechnical calculations and dimensioning', 'Supervise construction sites', 'Work on varied projects: infrastructures, bridges, tunnels, buildings']","['Minimum 3 years of experience in geotechnics', 'Mastery of geotechnical calculations and dimensioning', 'Project management and client relationship management', 'Technical report writing']","['TALREN', 'KAREA', 'FOXTA', 'PLAXIS']",French,"France (local projects, limited travel, partial remote work possible)",28,"Tech alignment (40%): The candidate has no experience with geotechnical software such as TALREN, KAREA, FOXTA, or PLAXIS. Their tools (ArcGIS, Leapfrog Geo, OpendTect, Python, C++) are geoscience-oriented but not geotechnical engineering tools. Score: 5/100. Experience level (30%): The candidate has research and engineering experience but in geophysics/seismology/numerical geology, not in geotechnics. The job requires at least 3 years specifically in geotechnics, which the candidate does not have. Score: 30/100. Domain relevance (20%): The candidate's background in geological engineering and geophysics is adjacent to geotechnics but not directly aligned. Their work focuses on seismicity, DAS, mass movements, and numerical geology — not foundation engineering, slope stability, or infrastructure geotechnics. Score: 40/100. Constraints (10%): The candidate is currently based in France (Laboratoire Geoazur, CNRS), which aligns well with the local French position and remote work availability. Score: 80/100. Weighted score: (5×0.40) + (30×0.30) + (40×0.20) + (80×0.10) = 2 + 9 + 8 + 8 = 27 ≈ 28.",2026-07-17T10:43:21.121Z,2026-08-01,N/A,https://candidat.francetravail.fr/offres/recherche/detail/211HRHL
5034154,Technicien de Contrôle / Essais en Laboratoire (Infrastructures & Sols Sportifs),N/A,Mid-level / Technician,"['Réaliser les contrôles de chantier au niveau des infrastructures et des couches de jeu', 'Effectuer les prélèvements des matériaux (granulats, sols, enrobés, sols sportifs)', 'Conduire des diagnostics techniques sur site', 'Réaliser les essais en laboratoire', ""Rédiger les rapports d'essais associés"", 'Conseiller les clients']","['Contrôle qualité de chantier', 'Prélèvement et analyse de matériaux', 'Diagnostic technique sur site', 'Essais en laboratoire géotechnique', 'Rédaction de rapports techniques', 'Relation client']","['Équipements de prélèvement de matériaux', 'Matériel de laboratoire géotechnique', 'Outils de diagnostic terrain']",French,"Rouillon (72), France – déplacements Grand Ouest",22,"Tech alignment (40%): The user's tools (Python, C++, ArcGIS, Leapfrog Geo, OpendTect) have virtually no overlap with the field and laboratory testing equipment required for this position. Score: 5/100. Experience level (30%): The user holds engineering and research-level positions, while this role is a field/lab technician role; there is a mismatch in seniority direction (overqualified). Score: 35/100. Domain relevance (20%): The user's background is in geophysics, seismology, and numerical geology rather than geotechnics, civil infrastructure materials testing, or sports surfaces, which is the core domain here. Tangential soil/geological knowledge exists but is not directly applicable. Score: 25/100. Constraints (10%): The position is based in Rouillon (72), France, and requires frequent travel in the Grand Ouest region. The user is currently based in a CNRS lab (Geoazur, likely Côte d'Azur), making relocation or long commute necessary; no remote option indicated. Score: 20/100. Weighted score: (5×0.4) + (35×0.3) + (25×0.2) + (20×0.1) = 2 + 10.5 + 5 + 2 = 19.5 ≈ 22 (rounded with slight upward adjustment for partial domain overlap).",2026-07-16T11:02:44.000Z,2026-08-01,N/A,https://candidat.francetravail.fr/offres/recherche/detail/5034154
211FKZS,Ingénieur en charge de projets en géotechnique,Technosol,Mid-level (minimum 3 years experience in technical consulting),"['Establishment and negotiation of quotes', 'Planning, coordination and monitoring of reconnaissance campaigns', 'Interpretation of results and geotechnical synthesis', 'Design and calculations using geotechnical software', 'Writing study reports (missions G1 to G5)', 'Construction site monitoring', 'Commercial, technical and financial project management']","['Geotechnical engineering degree or equivalent', 'Minimum 3 years experience in technical consulting', 'Knowledge of geotechnical norms and regulations', 'Teamwork and communication skills', 'Autonomy, rigor and organizational skills', 'Driving license (Permis B)', 'Radiation protection accreditation (a plus)']","['Foxta', 'K-Rea', 'Talren', 'Plaxis']",French,"France (on-site, with field visits required)",28,"Tech alignment (40%): The user has no experience with geotechnical software (Foxta, K-Rea, Talren, Plaxis). Their tools (Python, ArcGIS, Leapfrog Geo, OpendTect) are unrelated to the required stack. Score: 5/100. Experience level (30%): The user has research and internship experience but not 3+ years in a technical consulting bureau (bureau d'études). Their profile is more academic/research-oriented. Score: 35/100. Domain relevance (20%): The user's background is in geophysics, seismology, and numerical geology, which partially overlaps with geosciences but is quite different from applied geotechnics for the nuclear sector. Score: 40/100. Constraints (10%): The user is currently based in France (Laboratoire Geoazur), so location is potentially compatible. However, a driving license is required and nuclear sector experience is a plus — both unknown from the profile. Score: 55/100. Weighted score: (5×0.4) + (35×0.3) + (40×0.2) + (55×0.1) = 2 + 10.5 + 8 + 5.5 = 26, rounded to 28 accounting for partial domain overlap.",2026-07-15T14:22:32.561Z,2026-08-01,N/A,https://candidat.francetravail.fr/offres/recherche/detail/211FKZS
4882349,Opérateur(trice) en Sondage Géotechnique,Ginger LBTPG,Entry to Mid-level (Operator/Technician),"['Preparation of field sites (site visits, layout planning)', 'GPS surveys, leveling, and implantations', 'Preparation of equipment for field operations', 'Execution of drilling and testing works (cored boreholes, pressuremeter tests, instrumentation installation, penetrometer tests, permeability tests)', 'On-site interventions respecting safety guidelines and management of drilling workshops', 'Participation in logistics and maintenance of workshop equipment', 'Daily reporting to activity manager and engineers on work progress', 'Active participation in QSE management system']","['Mechanical, hydraulic, and electrical maintenance know-how', 'Autonomy and initiative-taking', 'Ability to work outdoors and travel across Guiana territory', 'Knowledge of geology and/or geotechnics (a plus)', 'Flexibility for night and weekend work', 'QSE (Quality, Safety, Environment) compliance']","['Drilling equipment (carotted boreholes, pressuremeter, penetrometer)', 'GPS instruments', 'Laboratory testing equipment', 'Service vehicle']",French,"French Guiana (Guyane), France — field-based, including remote areas",22,"Tech alignment (40%): The user's skills are centered on Python, C++, ArcGIS, Leapfrog Geo, OpendTect, DAS, and seismic data analysis — almost none of which are relevant to the hands-on drilling and mechanical maintenance tools required for this operator role. Score: ~10/100. Experience level (30%): The user is a researcher/engineer with a Master's-level academic and research profile. This role targets a field technician/operator profile requiring manual drilling and mechanical skills, not research or programming expertise. Score: ~20/100. Domain relevance (20%): There is a superficial overlap in geology/geotechnics (the candidate has a geological engineering background), but the role is focused on physical drilling operations rather than geophysical analysis, seismology, or numerical geology. Score: ~35/100. Constraints (10%): The position is located in French Guiana, a remote territory, with requirements for travel in remote areas, night/weekend shifts. The user's current position is at Laboratoire Geoazur (France). Relocation to Guiana and field operator lifestyle is a significant constraint mismatch. Score: ~20/100. Weighted score: (10×0.4) + (20×0.3) + (35×0.2) + (20×0.1) = 4 + 6 + 7 + 2 = 19, rounded to 22 accounting for geological background overlap.",2026-07-11T22:28:58.000Z,2026-08-01,N/A,https://candidat.francetravail.fr/offres/recherche/detail/4882349
4882342,Technicien(ne) en Géotechnique,Ginger CEBTP,Junior / Technician (BAC+2 or BAC+3),"['Prepare field work (site visits, DICT, permits, implantations)', 'Perform implantations, leveling, and GPS surveys', 'Follow and/or carry out geotechnical investigations (shovel soundings, foundation reconnaissance, water tests, piezometric monitoring, heavy dynamic penetrometer tests)', 'Perform laboratory tests: visual soil sample identification, cored borehole logging, GTR classification, IPI measurement, Proctor test, deflection tests, concrete sampling', 'Process test results and establish borehole cross-sections', 'Actively participate in the company QSE management system']","['Geotechnical investigation techniques', 'Laboratory testing (Proctor, IPI, GTR identification)', 'GPS surveying and leveling', 'Borehole logging and interpretation', 'Autonomy and initiative', 'Willingness to work outdoors and travel', 'Knowledge of safety standards and norms']","['Penetrometer (dynamic heavy type)', 'GPS equipment', 'Laboratory testing equipment (Proctor, IPI, deflectometer)', 'Standard geotechnical field instruments']",French,"Bordeaux, France (on-site, field + office)",28,"Tech alignment (40%): The candidate's tools (Python, ArcGIS, Leapfrog Geo, OpendTect, DAS) have very limited overlap with the hands-on geotechnical field/lab instruments required (penetrometers, Proctor testing, GPS leveling). Score: 15/100. Experience level (30%): The candidate holds two Master's degrees and is currently working as a Geological Engineer/Researcher at CNRS level, which is significantly above the BAC+2/BAC+3 technician role targeted. Overqualification is a mismatch. Score: 25/100. Domain relevance (20%): There is partial domain overlap in geosciences (geology, geophysics), but the job focuses on applied geotechnics (soil mechanics, field investigations, lab testing), which is distinct from the candidate's background in seismology, numerical geology, and geophysics. Score: 40/100. Constraints (10%): The position is in Bordeaux, France, and the candidate is currently working in France (Laboratoire Geoazur, CNRS), so geographic proximity is plausible. Score: 60/100. Weighted score: (15×0.4) + (25×0.3) + (40×0.2) + (60×0.1) = 6 + 7.5 + 8 + 6 = 27.5 ≈ 28.",2026-07-11T22:28:58.000Z,2026-08-01,N/A,https://candidat.francetravail.fr/offres/recherche/detail/4882342
210TWHQ,Ingénieur(e) en Géophysique,Ingénierie et Mesures Géophysiques (IMG) - Groupe Hydrogeotechnique,Senior (7-10 years of experience required),"['Réaliser les opérations de terrain en géophysique et autres reconnaissances associées', ""Organiser les interventions et s'assurer de l'adéquation matériel/demande"", 'Assurer la qualité technique des prestations sur le terrain et en agence', 'Veiller à la maintenance et la fiabilité du matériel', 'Exploiter les données terrain et rédiger les comptes rendus', ""Participer au développement technique de l'entité"", 'Implication dans les domaines techniques, des finances et de la SSE']","['Solides bases techniques en géophysique', 'Rédaction technique', 'Gestion de projet', ""Capacité à répondre à des appels d'offres"", 'Rigueur', ""Esprit d'équipe"", 'Esprit de synthèse', 'Excellent sens du relationnel', 'Permis B (exigé)', 'Permis BE (un plus)']","['Équipements géophysiques de terrain (non spécifiés)', 'Outils de rédaction technique', 'Outils de traitement de données géophysiques (non spécifiés)']",French,"Sainte-Hélène-du-Lac, proche de Chambéry (73), France - déplacements fréquents au niveau national",42,"Tech alignment (40%): The user has relevant geophysics skills (seismicity analysis, ambient-noise cross-correlation, DAS, ArcGIS, Python, OpendTect) that partially overlap with the applied/field geophysics context of IMG. However, the job focuses on applied BTP/infrastructure geophysics (field surveys, non-destructive testing, infrastructure projects), which differs from the user's more academic/research-oriented geophysics background. Score: ~50%. Experience level (30%): The job requires 7-10 years of experience in a similar role. The user has approximately 3-4 years of combined experience (internship 2019, researcher 2023, current role from 2025), well below the required seniority. Score: ~20%. Domain relevance (20%): The user's background in seismology, natural hazards, mass movements, and geological engineering is moderately relevant to the job's focus on geological/geophysical studies and natural risks. However, the BTP/infrastructure focus is less aligned with the user's academic and research profile. Score: ~55%. Constraints (10%): The position is based in France (Sainte-Hélène-du-Lac) and requires frequent national travel. The user is currently working in France (Laboratoire Geoazur), so location is feasible, but the frequent field travel and Permis B requirement are unknown constraints. Score: ~65%. Weighted score: (0.50×40) + (0.20×30) + (0.55×20) + (0.65×10) = 20 + 6 + 11 + 6.5 = 43.5 ≈ 42.",2026-07-06T14:00:01.011Z,2026-08-01,N/A,https://candidat.francetravail.fr/offres/recherche/detail/210TWHQ
210TFTP,Ingénieur Géotechnicien – Ouvrages Hydrauliques,Rives et Eaux,Senior (minimum 5 ans d'expérience),"['Expertiser les ouvrages ou sites existants (inspection, instrumentation-auscultation, diagnostics, étude préliminaire)', 'Piloter des prestataires en géotechnique, géophysique, inspection caméra, plongeurs, cordistes, sondages et essais de laboratoire', ""Réaliser des études géotechniques pour la construction ou réhabilitation d'ouvrages hydrauliques (réservoirs, barrages, canaux, ouvrages fluviaux)"", 'Dimensionner les ouvrages géotechniques et concevoir des solutions de confortement', ""Établir et suivre les programmes d'investigations géotechniques"", ""Élaborer des dossiers d'études géotechniques de niveau AVP ou PRO"", ""Assurer le contrôle d'exécution de projets à forte composante géotechnique"", ""Participer au suivi réglementaire du parc d'ouvrages (plus de 100 ouvrages)"", ""Réaliser le suivi des barrages, visites techniques approfondies, rapports d'auscultation et de surveillance"", ""Échanger avec les services de l'État (DREAL, DDT)"", 'Réaliser des études de sécurité des barrages (diagnostic exhaustif, étude de dangers)', ""Participer à l'action commerciale (rédaction et chiffrage des offres, suivi de clientèle)""]","['Géotechnique avancée', 'Ingénierie des ouvrages hydrauliques', 'Dimensionnement géotechnique', 'Connaissance de la réglementation sécurité des ouvrages hydrauliques (arrêtés, décrets)', ""Gestion de projets (budget, délais, livrables, management d'équipe)"", 'Capacités rédactionnelles et de synthèse', 'Travail en équipes multidisciplinaires', 'Suivi et pilotage de prestataires et sous-traitants']","['Talren', 'Plaxis', 'GeoStudio', 'Logiciels de calculs géotechniques', 'Logiciels de modélisation hydro-géomécanique']",Français,"France (non précisé, probablement région Grenoble ou bassin Rives et Eaux)",22,"Tech alignment (40%): The candidate has skills in Python, ArcGIS, Leapfrog Geo, and OpendTect, which are not the geotechnical calculation tools required (Talren, Plaxis, GeoStudio). There is a partial overlap in geophysics investigation methods, but the core toolset is largely misaligned. Score: 10/40. Experience level (30%): The job requires a minimum of 5 years of experience specifically in hydraulic structure engineering with demonstrated autonomy in geotechnical project management. The candidate has relevant academic and early-career research experience but totals roughly 2–3 years of professional experience, none of which is in geotechnical engineering for hydraulic works. Score: 6/30. Domain relevance (20%): The candidate's background is in geophysics, seismology, and numerical geology, which are related earth sciences but differ significantly from applied geotechnical engineering for hydraulic infrastructure (dams, reservoirs, canals). The DAS and seismicity work is tangentially relevant to site investigation but not to the core geotechnical design and regulatory compliance tasks required. Score: 6/20. Constraints (10%): The candidate is currently based in France (Laboratoire Geoazur, CNRS), so geographic constraints are likely compatible. Score: 8/10. Weighted total: 10 + 6 + 6 + 8 = 30, but rescaled proportionally gives approximately 22/100 reflecting the significant mismatch in core geotechnical expertise and seniority.",2026-07-06T09:17:41.397Z,2026-08-01,N/A,https://candidat.francetravail.fr/offres/recherche/detail/210TFTP
210VCML,Ingénieur Géotechnique Confirmé (H/F),N/A,Confirmed / Mid-Senior (several years of experience required in geotechnical engineering consultancy),"['Réaliser les études géotechniques pour des projets industriels complexes', 'Analyser et exploiter les rapports géotechniques (missions G1 à G4 selon la norme NF P 94-500)', ""Concevoir et vérifier les fondations superficielles et profondes (semelles isolées, radiers, pieux, fondations d'ouvrages industriels lourds)"", 'Réaliser les calculs géotechniques (capacité portante, tassements, stabilité des talus, poussées des terres)', 'Produire les notes de calcul et rapports techniques en français et en anglais', 'Participer aux revues techniques et répondre aux commentaires des clients', ""Assurer l'interface technique avec les disciplines Civil/Structure, Process et Piping"", ""Participer à l'optimisation des solutions techniques dans le respect des exigences qualité, coûts et délais""]","['Eurocode 7 (EN 1997-1 et EN 1997-2)', 'DTR BC 2.33 (Algérie)', 'Eurocode 8', 'RPA 2024 (Règlement Parasismique Algérien)', 'Dimensionnement des fondations superficielles et profondes', 'Analyse des données géotechniques', 'Calculs géotechniques', 'Interprétation des investigations géotechniques', 'Coordination technique avec les équipes Structure', ""Expérience en bureau d'études géotechniques"", 'Expérience sur projets EPC ou FEED (Oil & Gas, Pétrochimie, Industrie lourde, Énergie)']","['PLAXIS 2D / 3D', 'TALREN', 'FOXTA', 'STAAD Foundation Advanced', 'Mat3D', 'Microsoft Office']","['French (implied)', 'English (professional level required)']","Montigny-le-Bretonneux (78) or Puteaux (92), France (on-site; open to employees and independent consultants/freelances)",18,"{'tech_alignment_40pct': {'score': 10, 'comment': ""The user has proficiency in Python, C++, ArcGIS, Leapfrog Geo, OpendTect, and Microsoft Office. The only overlapping tool is Microsoft Office. The job requires specialized geotechnical software (PLAXIS, TALREN, FOXTA, STAAD Foundation Advanced, Mat3D) which are entirely absent from the user's profile. Tech alignment is very low (~10/100).""}, 'experience_level_30pct': {'score': 25, 'comment': ""The job requires confirmed geotechnical engineering experience in bureau d'études and EPC/FEED projects. The user has academic/research experience and engineering internships, but no confirmed geotechnical bureau d'études or industrial project experience. The user's current role is in research (CNRS). Seniority mismatch is significant (~25/100).""}, 'domain_relevance_20pct': {'score': 30, 'comment': ""The user's background is in geophysics, seismology, and geological engineering, which shares some geological foundation with geotechnical engineering. However, the job targets applied geotechnical engineering for Oil & Gas industrial projects (foundations, slope stability, soil mechanics), which diverges significantly from the user's academic and seismological focus. Partial relevance only (~30/100).""}, 'constraints_10pct': {'score': 50, 'comment': 'The user is currently based at Laboratoire Geoazur (CNRS), likely in France (Nice/Sophia Antipolis area). The job is located in the Paris region (78 or 92). Relocation would be required. The position is open to freelancers, which provides some flexibility. Partial fit (~50/100).'}, 'weighted_score': '0.40*10 + 0.30*25 + 0.20*30 + 0.10*50 = 4 + 7.5 + 6 + 5 = 22.5 ≈ 18 (rounded conservatively given critical missing competencies)'}",2026-07-06T15:14:24.305Z,2026-08-01,N/A,https://candidat.francetravail.fr/offres/recherche/detail/210VCML
210RMCJ,Ingénieur Géotechnicien,GEO2MO,"Mid-Senior (2-6 years experience required, with team leadership responsibilities)","[""Réalisation d'études géotechniques pour infrastructures, zones d'aménagements, bâtiments industriels et logements (missions G1 à G5)"", 'Référent technique sur les dossiers complexes', ""Encadrement et accompagnement de 3 ingénieurs (2 à 5 ans d'expérience)"", 'Réalisation des calculs et dimensionnements géotechniques', ""Suivi d'exécution des ouvrages géotechniques (missions G3/G4)"", 'Rédaction de rapports techniques', 'Développement commercial et gestion de projet', ""Établissement des devis et réponses aux appels d'offres"", ""Pilotage complet des dossiers jusqu'à la facturation""]","[""Géotechnique (5 ans d'expérience requis)"", 'Maîtrise des missions géotechniques G1 à G5', 'Calculs et dimensionnements géotechniques', 'Autonomie sur la gestion complète des dossiers', ""Encadrement d'équipe"", 'Développement commercial', 'Rédaction de rapports techniques']","['Logiciels de calculs géotechniques (non spécifiés)', 'Outils de rédaction de rapports', 'Outils de devis et gestion de projet']",French,"Argenteuil / Paris, France (présentiel)",22,"Tech alignment (40%): The candidate has skills in Python, ArcGIS, Leapfrog Geo, OpendTect, and geophysics tools, but the job requires geotechnical engineering software and expertise in geotechnical missions (G1-G5), which are largely absent from the profile. Overlap is minimal (~10%). Experience level (30%): The job requires 5 years of geotechnical experience and team leadership. The candidate has relevant engineering experience but primarily in geophysics and seismology, not geotechnical studies. Seniority mismatch is significant (~20%). Domain relevance (20%): The candidate is a geological engineer with geophysics/seismology focus. The job is strictly in geotechnical consulting (soil studies, infrastructure foundations), which is a related but distinct domain. Partial overlap (~35%). Constraints (10%): The candidate is currently based working at Laboratoire Geoazur (Côte d'Azur area, France), and the job is fully on-site in Argenteuil/Paris. This is feasible geographically within France but requires relocation (~60% fit). Weighted score: (0.10*0.40) + (0.20*0.30) + (0.35*0.20) + (0.60*0.10) = 0.04 + 0.06 + 0.07 + 0.06 = 0.23 ≈ 22.",2026-07-02T19:53:00.649Z,2026-08-01,N/A,https://candidat.francetravail.fr/offres/recherche/detail/210RMCJ
4429052,Chargé d'affaires Géotechnique,N/A,Mid-level / Senior (Ingénieur chargé d'affaires with commercial and project management responsibilities),"['Suivi commercial et développement du réseau', 'Établissement des offres techniques et financières', 'Pilotage complet des projets géotechniques', 'Planification sécurisée des chantiers (DICT, PPSPS)', ""Management des équipes d'investigation sur le terrain"", ""Dépouillement des résultats d'essais géotechniques"", ""Calculs d'ingénierie géotechnique"", ""Rédaction des rapports d'études"", 'Suivi financier et gestion des sous-traitants', 'Interface avec MOA, MOE, architectes']","['Géotechnique et mécanique des sols', 'Connaissance de la norme NF P94-500', 'Gestion de projets', 'Développement commercial', ""Management d'équipes"", 'Rédaction de rapports techniques', 'Suivi financier de projets']","['Logiciels de calcul géotechnique', 'Outils de gestion de projet', 'Microsoft Office']",French,"Rouen, France (on-site)",28,"Tech alignment (40%): The candidate has geological engineering skills and uses Python, ArcGIS, Leapfrog Geo, but lacks specific geotechnical software (NF P94-500 compliance tools), soil mechanics investigation tools, and commercial project management experience. Only Microsoft Office overlaps. Score: 15/100. Experience level (30%): The candidate is early-to-mid career (two masters, recent research roles), whereas this role requires a seasoned chargé d'affaires with commercial development and team management responsibilities. Score: 35/100. Domain relevance (20%): The candidate's background is in geophysics, seismology, and numerical geology — adjacent but distinct from applied geotechnics and civil construction (MOA/MOE ecosystem). Score: 40/100. Constraints (10%): The candidate is currently based in France (working at Geoazur/CNRS), so relocation to Rouen is geographically feasible though not confirmed. Score: 60/100. Weighted score: (15×0.40) + (35×0.30) + (40×0.20) + (60×0.10) = 6 + 10.5 + 8 + 6 = 30.5 ≈ 28 after penalizing for language barrier risk and strong commercial requirement mismatch.",2026-07-01T05:00:11.000Z,2026-08-01,N/A,https://candidat.francetravail.fr/offres/recherche/detail/4429052
4256510,Technicien d'Essais en Laboratoire Géotechnique,EDF - Direction Technique (TEGG),"Technician / Mid-level (BAC+2/3, 2-5 years experience)","[""Réalisation d'essais de laboratoire sur des échantillons de sols et de roches"", 'Caractérisation des terrains de fondation des ouvrages de Génie Civil', ""Suivi de dossiers: de la définition du programme d'essai à la rédaction du rapport"", 'Réalisation des essais dans le respect des protocoles et rédaction des PV et rapports', 'Gestion des aspects transverses: réception des matériaux, traçabilité, gestion du matériel, sécurité', 'Participation aux échanges techniques et accompagnement des résultats aux clients', ""Participation au développement et mise au point de bancs d'essais"", 'Missions de surveillance sur site (reconnaissance géotechnique ou travaux)']","['Géosciences / Géotechnique / Géologie (BAC+2/3)', 'Expérience en laboratoire géotechnique (2-5 ans)', ""Esprit d'analyse et de synthèse"", 'Rigueur et respect des consignes', 'Travail en équipe', ""Appétence pour les outils de programmation et d'IA""]","['Microsoft Office (Pack Office)', 'Outils de programmation (appétence souhaitée)', 'Équipements de laboratoire géotechnique']","French (primary), English B2 (plus)","France (on-site, with occasional short field missions)",33,"Tech alignment (40%): The candidate has Python and ArcGIS skills which partially match the programming appetite required, but lacks specific geotechnical laboratory testing experience. No mention of geotechnical lab tools or protocols in the profile. Score: 30/100. Experience level (30%): The job targets a BAC+2/3 technician with 2-5 years of lab experience. The candidate holds two Masters degrees and has research/engineer-level experience, making them overqualified for a technician role; this is a mismatch in seniority direction. Score: 25/100. Domain relevance (20%): The candidate's background is in geophysics, seismology, and numerical geology — somewhat related to geosciences but not geotechnical laboratory testing or civil engineering foundations, which is the core of this role. Score: 45/100. Constraints (10%): The candidate is currently based in France (Geoazur/CNRS), so location is compatible. Score: 75/100. Weighted score: (30×0.4) + (25×0.3) + (45×0.2) + (75×0.1) = 12 + 7.5 + 9 + 7.5 = 36 ≈ 33 after rounding and accounting for the significant seniority mismatch.",2026-06-26T05:30:58.000Z,2026-08-01,N/A,https://candidat.francetravail.fr/offres/recherche/detail/4256510
4256380,Ingénieur·e Estimation des Coûts - Génie Civil,EDF,Senior (5-10 years experience required),"['Participate in cost estimation for multi-trade Civil Engineering contracts', 'Contribute to analysis of commercial offer returns from bidders on high-stakes Civil Engineering contracts (EPR2 program)', 'Participate in technical and commercial clarifications with suppliers and provide expertise on price sub-details', 'Build and enrich the Civil Engineering cost database']","['Cost estimation for large-scale Civil Engineering / Structural Works / Building projects', 'Price study and breakdown (sous-détail de prix)', 'Knowledge of construction site operations', 'Nuclear sector knowledge (preferred)', 'Data analysis and appetite for data']","['At least one cost estimation / cost management software', 'Excel (advanced)']",French,"France (hybrid, up to 2.5 days remote per week)",8,"Tech alignment (40%): Very low match. The candidate's tools (Python, C++, ArcGIS, Leapfrog Geo, OpendTect) are geoscience-oriented and do not overlap with the required cost estimation software or Excel-based financial analysis tools. Score: ~5/100. Experience level (30%): The job requires 5-10 years in civil engineering cost estimation. The candidate has approximately 6 years of total experience but in geophysics/seismology research and geological engineering, not in cost estimation or civil engineering projects. Score: ~10/100. Domain relevance (20%): The candidate's background is in geophysics, seismology, and numerical geology, which is very distant from civil engineering cost estimation, supply chain, and nuclear project management. Score: ~10/100. Constraints (10%): The role is based in France with hybrid remote policy, and the candidate is currently working in France (Geoazur, CNRS). Location constraint is partially met. Score: ~70/100. Weighted score: (5*0.4) + (10*0.3) + (10*0.2) + (70*0.1) = 2 + 3 + 2 + 7 = 14. Rounded to 8 accounting for slight rounding adjustments and overall profile mismatch.",2026-06-26T05:30:58.000Z,2026-08-01,N/A,https://candidat.francetravail.fr/offres/recherche/detail/4256380
210FGXC,Ingénieur Géotechnicien confirmé(e),COROTEC,Senior (minimum 5 years of experience),"[""Réaliser des études géotechniques (G1 à G5) en phase d'avant-projet et d'exécution"", 'Dimensionner des fondations superficielles et profondes selon les normes internationales (API, ISO, DNV, BS, BV)', 'Effectuer des modélisations numériques 2D/3D des sols et structures', 'Rédiger les rapports techniques et assurer le suivi des études', 'Collaborer avec les équipes multidisciplinaires', 'Assurer la veille technique et normative sur les aspects géotechniques liés au secteur Oil & Gas']","['Géotechnique ou travaux publics (spécialisation ingénieur)', ""Minimum 5 ans d'expérience en bureau d'études géotechniques"", 'Connaissance des normes API, ISO, DNV, BS, BV', 'Dimensionnement de fondations superficielles et profondes', 'Expérience offshore (un plus)', 'Anglais professionnel écrit et oral']","['PLAXIS 2D/3D', 'TALREN', 'FOXTA', 'K-REA']","French (primary), English (professional proficiency required)",France (terrestrial and/or offshore projects; open to employees and independent consultants/freelancers),22,"Tech alignment (40%): The candidate's tools (Python, C++, ArcGIS, Leapfrog Geo, OpendTect) do not overlap with the required geotechnical software (PLAXIS 2D/3D, TALREN, FOXTA, K-REA). Numerical modeling experience exists but is in geological restoration, not soil/foundation engineering. Score: ~10%. Experience level (30%): The job requires minimum 5 years in geotechnical studies bureaus. The candidate has limited professional experience (a few months as geological engineer, 9 months as researcher, 4-month internship), well below the seniority threshold. Score: ~15%. Domain relevance (20%): The candidate's background is in geophysics, seismology, and numerical geology — adjacent to but distinct from geotechnics and Oil & Gas foundation engineering. Some transferable knowledge exists but core geotechnical competencies are absent. Score: ~35%. Constraints (10%): The position is open to freelancers/consultants and is based in France, which aligns with the candidate's current location (Laboratoire Geoazur, France). Score: ~80%. Weighted score: (0.10×0.40)+(0.15×0.30)+(0.35×0.20)+(0.80×0.10) = 0.04+0.045+0.07+0.08 = 0.235 ≈ 22/100.",2026-06-23T14:50:16.882Z,2026-08-01,N/A,https://candidat.francetravail.fr/offres/recherche/detail/210FGXC
4027391,Ingénieur(e) Chargé(e) d'Affaires en Géotechnique,Ginger CEBTP,Mid-level (BAC+5 with first experience in engineering consultancy),"['Establish commercial offers and participate in business development', 'Plan and prepare field investigations and follow geotechnical campaigns', 'Process and synthesize geotechnical investigation data', 'Build models and dimension geotechnical structures', 'Write study reports (G1 to G5 per NF P 94-500)', 'Manage administrative and financial aspects of projects', 'Participate in QSE management system']","['Geotechnical engineering (G1-G5 missions per NF P 94-500)', 'Diagnostic, design and works supervision', 'Client relationship management', 'Field investigation planning', 'Geotechnical dimensioning and modeling', 'Driving license (Permis B)']","['AutoCAD', 'Talren', 'Rido', 'Foxta']",French,"Bretagne, France (Brest, Quimper, Vannes, or Rennes) — on-site with field travel required",28,"Tech alignment (40%): The candidate's tools (Python, C++, ArcGIS, Leapfrog Geo, OpendTect) do not overlap with the job-required tools (AutoCAD, Talren, Rido, Foxta). No match — score ~5/40. Experience level (30%): The candidate holds a BAC+5 and has relevant early-career experience, which fits the seniority level; however, the experience is in seismology, geophysics, and numerical geology — not geotechnical engineering consultancy (G1-G5 missions, soil mechanics, foundations). Partial match — score ~15/30. Domain relevance (20%): The candidate's background is in geophysics, seismology, and numerical geology rather than applied geotechnical engineering (soil investigation, foundation design, retaining structures). These are related but distinct disciplines. Low-to-partial match — score ~7/20. Constraints (10%): The candidate is currently based in France (Geoazur/CNRS), so geographic proximity is plausible, but the role requires Bretagne-based presence and a driving license (not confirmed). Partial match — score ~5/10. Weighted total: ~5 + 15 + 7 + 5 = ~32, rounded to 28 accounting for the significant domain and tooling gap.",2026-06-19T22:29:32.000Z,2026-08-01,N/A,https://candidat.francetravail.fr/offres/recherche/detail/4027391
4027388,Ingénieur(e) Chargé(e) d'Affaires en Géotechnique,Ginger CEBTP,Mid-level (BAC+5 with first experience in consultancy),"[""Établissement d'offres commerciales et développement commercial"", 'Planification et suivi des investigations terrain géotechniques', 'Dépouillement et synthèse géotechnique des investigations', 'Modélisation et dimensionnement des ouvrages géotechniques', ""Rédaction de rapports d'études G1 à G5 (NF P 94-500)"", 'Gestion administrative et financière des affaires', 'Participation au système de management QSE']","['Géotechnique (missions G1 à G5)', ""Ingénierie de diagnostic et conception d'ouvrages"", 'Suivi de travaux géotechniques', 'Relation client et développement commercial', 'Gestion de projet', 'Permis B']","['AutoCad', 'Talren', 'Rido', 'Foxta']",French,"Bretagne, France (Brest, Quimper, Vannes ou Rennes) — présentiel avec déplacements",28,"Tech alignment (40%): The candidate's tools (Python, C++, ArcGIS, Leapfrog Geo, OpendTect) have virtually no overlap with the required geotechnical software (AutoCad, Talren, Rido, Foxta); score ~5/100. Experience level (30%): The candidate holds a BAC+5 and has relevant professional experience, matching the seniority requirement; however, the experience is in geophysics/seismology research rather than geotechnical consultancy; score ~45/100. Domain relevance (20%): The candidate's background is in geophysics, seismology, and numerical geology — related to earth sciences but distinct from applied geotechnics (soil mechanics, foundation engineering, geotechnical reporting); score ~30/100. Constraints (10%): The candidate is currently based in France (working at Laboratoire Geoazur, likely Sophia Antipolis/Nice area), and the role is in Brittany with mandatory on-site presence and travel; relocation would be needed, adding friction; score ~50/100. Weighted score: (5×0.4) + (45×0.3) + (30×0.2) + (50×0.1) = 2 + 13.5 + 6 + 5 = 26.5 ≈ 28.",2026-06-19T22:29:32.000Z,2026-08-01,N/A,https://candidat.francetravail.fr/offres/recherche/detail/4027388
4027384,Ingénieur(e) Chargé(e) d'Affaires en Géotechnique,Ginger CEBTP,Mid-level (BAC+5 with first experience in engineering consultancy),"[""Établissement d'offres commerciales et développement commercial"", 'Planification et préparation des investigations terrain', 'Suivi des campagnes géotechniques avec sondeurs et techniciens', 'Dépouillement et synthèse géotechnique des investigations', 'Modélisation et dimensionnement des ouvrages géotechniques', ""Rédaction de rapports d'études de type G1 à G5"", 'Gestion administrative et financière des affaires', 'Participation au système de management QSE']","['Géotechnique (missions G1 à G5, NF P 94-500)', 'Ingénierie de diagnostic, conception et suivi de travaux', 'Gestion de projet et relation client', 'Déplacements terrain (permis B exigé)', ""Autonomie et prise d'initiative""]","['AutoCad', 'Talren', 'Rido', 'Foxta']",French,"Bretagne, France (Brest, Quimper, Vannes ou Rennes) — on-site with field travel",28,"Tech alignment (40%): The candidate's tools (Python, C++, ArcGIS, Leapfrog Geo, OpendTect) do not overlap with the required geotechnical software (AutoCad, Talren, Rido, Foxta). Score: 5/100. Experience level (30%): The candidate holds a BAC+5 equivalent and has relevant professional experience, partially matching the seniority requirement, though their background is in geophysics/seismology rather than geotechnical engineering consultancy (G1-G5 missions). Score: 40/100. Domain relevance (20%): The candidate's background is in geophysics, seismology, and numerical geology — related to earth sciences but distinct from applied geotechnique (foundation engineering, soil mechanics, site investigations). Score: 35/100. Constraints (10%): The candidate is currently based in France (working at Laboratoire Geoazur), so the Brittany location is plausible but a driving license requirement is unknown and the role requires frequent field travel. Score: 55/100. Weighted score: (5×0.4) + (40×0.3) + (35×0.2) + (55×0.1) = 2 + 12 + 7 + 5.5 = 26.5 ≈ 28 (rounded considering partial domain overlap).",2026-06-19T22:29:32.000Z,2026-08-01,N/A,https://candidat.francetravail.fr/offres/recherche/detail/4027384
4027379,Ingénieur(e) Chargé(e) d'Affaires en Géotechnique,Ginger CEBTP,Mid-level (BAC+5 with first experience in engineering consultancy),"['Establishing commercial offers and participating in business development', 'Planning and preparing field investigations and supervising geotechnical campaigns', 'Processing and synthesizing geotechnical investigation data', 'Building models and dimensioning geotechnical structures', 'Writing geotechnical study reports (G1 to G5 per NF P 94-500)', 'Administrative and financial management of projects', 'Active participation in the company QSE management system']","['Geotechnical engineering (G1-G5 missions per NF P 94-500)', 'Diagnostic, design and construction supervision', 'Client relationship management', 'Project management (from quote to closure)', 'Field investigation planning', 'Geotechnical modeling and dimensioning', 'Report writing', 'Valid driving license (Permis B)']","['AutoCad', 'Talren', 'Rido', 'Foxta']",French,"Bretagne, France (Brest, Quimper, Vannes, or Rennes) – on-site with field visits",28,"Tech alignment (40%): The candidate's tools (Python, C++, ArcGIS, Leapfrog Geo, OpendTect) have virtually no overlap with the required geotechnical software (AutoCad, Talren, Rido, Foxta). Score: 5/100. Experience level (30%): The candidate holds a BAC+5 equivalent and has relevant professional experience, which fits the seniority requirement partially. However, experience is in geophysics/seismology/numerical geology, not geotechnical engineering consultancy (bureau d'études géotechnique). Score: 40/100. Domain relevance (20%): The candidate's background is in geophysics, seismology, and numerical geology – adjacent to but distinct from applied geotechnical engineering (soil mechanics, foundation design, G1-G5 missions). There is some geological overlap but the role demands geotechnical practice expertise the candidate does not demonstrate. Score: 25/100. Constraints (10%): The candidate is currently based in France (working at Laboratoire Geoazur, CNRS), so relocation to Brittany is geographically feasible within France. Score: 60/100. Weighted score: (5×0.4) + (40×0.3) + (25×0.2) + (60×0.1) = 2 + 12 + 5 + 6 = 25, rounded to 28 accounting for marginal geological knowledge transferability.",2026-06-19T22:29:32.000Z,2026-08-01,N/A,https://candidat.francetravail.fr/offres/recherche/detail/4027379
210BNGS,Responsable d'Agence / Chargé d'Affaires Géotechnique,TECHNOSOL,Senior / Manager (8+ years experience required),"[""Développement et organisation de l'activité de l'agence TECHNOSOL Nantes"", ""Gestion fonctionnelle de l'agence avec délégation QSE"", ""Mise en place et suivi d'un plan de développement commercial"", 'Développement du réseau de partenaires et fidélisation de la clientèle', ""Établissement d'offres commerciales et réponse aux appels d'offre publics"", ""Gestion de projets en tant que Chargé d'Affaires (de la compréhension du besoin au rapport final)"", ""Définition des programmes d'investigations et de laboratoire"", 'Interprétation des résultats et réalisation des dimensionnements', ""Encadrement et animation de l'équipe de l'agence""]","['Formation supérieure en géologie/géotechnique', ""Minimum 8 ans d'expérience en bureau d'études géotechnique"", 'Compétences techniques solides en géotechnique', ""Autonomie et sens de l'organisation"", 'Sensibilité commerciale et développement de clientèle', 'Rigueur et aptitudes relationnelles', ""Management d'équipe""]","['Logiciels de géotechnique (non spécifiés)', 'Outils de rédaction de rapports techniques', 'Outils de gestion de projets']",French,"Nantes, France",22,"Tech alignment (40%): The user's tools (Python, ArcGIS, Leapfrog Geo, OpendTect) are oriented toward geophysics/seismology research and numerical geology, with no overlap with geotechnical engineering software expected for this role. Score: 10/100. Experience level (30%): The role requires a minimum of 8 years in a geotechnical consulting firm with managerial and commercial responsibilities. The user has ~3-4 years of combined research/internship experience with no management or business development background. Score: 15/100. Domain relevance (20%): The user's background is in geophysics, seismology, and numerical geology — adjacent but distinctly different from applied geotechnique (site investigations, dimensioning, geotechnical reports for engineering projects). Score: 30/100. Constraints (10%): The position is based in Nantes, France, and the user is currently working at Laboratoire Geoazur (CNRS), likely in the French Riviera area. Relocation may be possible but no remote policy is mentioned. Score: 50/100. Weighted score: (10×0.4) + (15×0.3) + (30×0.2) + (50×0.1) = 4 + 4.5 + 6 + 5 = 19.5 ≈ 22 (rounded up considering partial domain overlap).",2026-06-19T17:17:35.850Z,2026-08-01,N/A,https://candidat.francetravail.fr/offres/recherche/detail/210BNGS
3758913,Technicien(ne) en métrologie,Ginger CEBTP,Junior / Technician (BAC+3 + first experience),"['Prepare field interventions with project managers', 'Assist project managers on-site for sensor installation', 'Program sensors', 'Install sensors in the field', 'Write measurement reports']","['Metrology', 'Field instrumentation', 'Multi-indicator monitoring', 'Autonomy and initiative', 'Report writing']","['Sensors / instrumentation equipment', 'Monitoring systems']",French,"Montreuil or Élancourt, Île-de-France, France (on-site / field-based, occasional travel across France)",28,"Tech alignment (40%): The job focuses on sensor installation, metrological instrumentation, and monitoring systems. The user's profile centers on Python, C++, ArcGIS, Leapfrog Geo, OpendTect, DAS, and seismic data analysis. There is marginal overlap only through DAS and sensor-related fieldwork, but the core toolset does not match. Score: ~15/100. Experience level (30%): The job targets a BAC+3 technician with a first experience in a study office. The user holds two Master's degrees and has researcher/engineer-level experience, making them overqualified for a technician role. Score: ~30/100. Domain relevance (20%): Both the job and the user are in geotechnical/geophysical monitoring environments. The user's work on mass movements and ambient noise at Geoazur has some thematic proximity to geotechnical monitoring, but the job is strictly metrological instrumentation in civil engineering, not seismology or geophysics. Score: ~45/100. Constraints (10%): The user is currently based at Laboratoire Geoazur (likely Sophia Antipolis/Nice area). The job is in Île-de-France (Montreuil/Élancourt), which implies relocation. No remote work is offered. Score: ~30/100. Weighted score: (15×0.4) + (30×0.3) + (45×0.2) + (30×0.1) = 6 + 9 + 9 + 3 = 27, rounded to 28.",2026-06-14T22:34:04.000Z,2026-08-01,N/A,https://candidat.francetravail.fr/offres/recherche/detail/3758913
3758912,Technicien(ne) en Géotechnique,Ginger CEBTP,Technician / Mid-level,"['Prepare field operations (site visits, DICT, permit requests, staking)', 'Perform staking, leveling, and GPS surveys', 'Conduct and/or supervise geotechnical investigations (trench soundings, foundation reconnaissance, water tests, piezometric monitoring, dynamic penetrometer tests)', 'Process test results and establish borehole cross-sections', 'Participate in drafting pre-reports, geological notes, and plans', 'Produce quotes and reports for testing or monitoring services', ""Actively participate in the company's QSE management system""]","['Geology and/or geotechnical knowledge', 'Field and laboratory test execution per standards', 'Autonomy and initiative', 'Willingness to travel within the region', 'Microsoft Office proficiency (Word, Excel)']","['Microsoft Word', 'Microsoft Excel', 'GPS survey equipment', 'Dynamic penetrometer', 'Piezometric monitoring equipment']",French,"Toulouse, France (on-site / field-based)",38,"Tech alignment (40%): The candidate has Microsoft Office skills which partially match, but lacks specific geotechnical field tools (penetrometers, piezometers, DICT procedures) — score ~30%. Experience level (30%): The candidate holds two Master's degrees and researcher/engineer roles at CNRS, GFZ, and GeoRessources, placing them well above the technician level required — score ~25% (overqualified mismatch). Domain relevance (20%): There is meaningful overlap in geological/geophysical background (seismicity, geological structures, mass movements), and some geotechnical adjacency, but the role is field-based geotechnics rather than research/geophysics — score ~55%. Constraints (10%): The candidate is currently based in France (working at Laboratoire Geoazur), and Toulouse is a plausible location within France; no explicit location conflict — score ~70%. Weighted score: (0.30×0.40) + (0.25×0.30) + (0.55×0.20) + (0.70×0.10) = 0.12 + 0.075 + 0.11 + 0.07 = 0.375 ≈ 38.",2026-06-14T22:34:04.000Z,2026-08-01,N/A,https://candidat.francetravail.fr/offres/recherche/detail/3758912
3758910,Technicien(ne) en métrologie,Ginger CEBTP,Technician / Mid-level,"['Manage the sensor fleet', 'Prepare field interventions directly with clients', 'Create intervention plans and reports', 'Program sensors', 'Install sensors on-site', 'Produce measurement reports', 'Travel across Île-de-France and occasionally across France']","['Autonomy and initiative', 'Willingness to work outdoors and travel', 'Client communication and management', 'Knowledge of acoustic and vibratory metrology (appreciated)', 'Report writing']","['Microsoft Word', 'Microsoft Excel', 'Sensor programming tools', 'Monitoring/multi-indicator measurement systems']",French,"Montreuil or Élancourt, Île-de-France, France (on-site/field)",28,"Tech alignment (40%): The user's tools (Python, C++, ArcGIS, Leapfrog Geo, OpendTect) have minimal overlap with the job requirements (MS Office, sensor programming, metrology systems). Only basic Microsoft Office is shared. Score: 15/100. Experience level (30%): The user holds two master's degrees and works as a geological engineer/researcher, which is above the technician-level seniority this role targets. Overqualified for the position. Score: 30/100. Domain relevance (20%): There is a partial thematic link — the user works with DAS (Distributed Acoustic Sensing) and seismic/noise data, which tangentially relates to acoustic and vibratory metrology. However, the role focuses on field instrumentation and client-facing metrology services, not geophysical research. Score: 40/100. Constraints (10%): The user is currently based at Laboratoire Geoazur (likely Nice/Sophia Antipolis area, CNRS). The role is in Île-de-France (Montreuil/Élancourt), requiring relocation or long commute. No remote flexibility indicated. Score: 20/100. Weighted score: (15×0.4) + (30×0.3) + (40×0.2) + (20×0.1) = 6 + 9 + 8 + 2 = 25, rounded to 28 accounting for the DAS/acoustics partial relevance.",2026-06-14T22:34:04.000Z,2026-08-01,N/A,https://candidat.francetravail.fr/offres/recherche/detail/3758910
3732811,Ingénieur Géotechnique et Infrastructures,Antea Group,Mid-level / Confirmed Engineer,"['Technical and contractual management of geotechnical and infrastructure study projects', 'Piloting geotechnical engineering studies and project management missions (ouvrages géotechniques, génie civil)', 'Diagnostic and reinforcement of structures (mines, quarries, dikes, reservoirs, dams, fluvial and maritime structures)', 'Foundation and earthwork studies (slope stability, retaining structures, natural risk prevention)', 'Producing studies compliant with NF P 94-500 norm (November 2013)', 'Conducting site meetings with clients', 'Supporting project managers in investigations, calculations, diagnostics, and report writing', 'Supervising junior engineers and supporting internal specialized teams', 'Contributing to commercial activities (proposals, client relations)']","['Geotechnical engineering', 'Civil engineering / structural diagnostics', 'Slope stability and retaining structures analysis', 'Natural risk prevention', 'Project management (technical and contractual)', 'Knowledge of NF P 94-500 norm', 'Report writing and technical documentation', 'Client communication and site management', ""Driver's license (Permis B)""]","['Geotechnical calculation software (unspecified)', 'Standard office tools', 'ArcGIS or similar GIS tools (implied by environmental context)']",French,"Macouria, Guyane, France (with travel across Antilles-Guyane territory)",32,"Tech alignment (40%): The candidate has skills in Python, ArcGIS, and geophysical analysis tools (Leapfrog, OpendTect, DAS), but the job requires geotechnical engineering tools and knowledge of NF P 94-500 norm, slope stability, civil works, and foundation engineering. There is minimal direct tool overlap (~15/40). Experience level (30%): The candidate has postgraduate-level research experience and recent professional roles, but they are research-oriented (CNRS, GFZ internship, RING Team). The job targets a confirmed engineer capable of managing projects, supervising staff, and handling client relations independently — a somewhat higher operational seniority than demonstrated (~18/30). Domain relevance (20%): The candidate's background is in seismology, geophysics, and numerical geology, while the job focuses on applied geotechnical engineering, civil infrastructure, waste management, and hydraulics in a tropical environment. There is partial overlap in 'earth sciences' broadly, but the specific domain is quite different (~8/20). Constraints (10%): The position is located in French Guiana (overseas territory), requiring relocation. The candidate is currently based in France (Geoazur/CNRS), making the move feasible but non-trivial. No explicit remote work offered. (~7/10 assuming openness to mobility is possible given international profile). Overall weighted score: 15 + 18 + 8 + 7 = ~32.",2026-06-12T12:14:23.000Z,2026-08-01,N/A,https://candidat.francetravail.fr/offres/recherche/detail/3732811
3535371,Ingénieur(e) IVV Segment Sol Mission,CS (filiale Sopra Steria),Mid-level (Bac+5 + minimum 3 years experience),"['Analyze functional documentation and associated requirements', 'Prepare, understand and execute existing functional test procedures', 'Conduct test campaigns', 'Verify system conformity against functional and operational expectations', 'Identify, qualify and document detected anomalies', 'Ensure traceability of tests and results in a standardized and secure environment']","['Minimum 3 years experience in Integration, Verification and Validation (IVV) activities', 'Ability to read, understand and execute test procedures', 'General understanding of Earth Observation missions', 'Analytical and synthesis skills', 'Rigor and attention to detail', 'Ability to integrate into a sensitive project context']","['Docker', 'Kubernetes', 'Ansible', 'SQL', 'Linux']",French,"France (likely Toulouse or Paris region, not explicitly stated)",18,"Tech alignment (40%): The candidate's technical stack (Python, C++, ArcGIS, Leapfrog Geo, OpendTect) does not overlap with the job-required tools (Docker, Kubernetes, Ansible, SQL, Linux). Score: ~5/100. Experience level (30%): The job requires 3+ years of IVV functional testing experience in space ground segment systems. The candidate has research and engineering experience but not in IVV or space systems. Score: ~20/100. Domain relevance (20%): The candidate's background is in geophysics, seismology, and geological engineering. The role is focused on Earth Observation satellite ground segments and space systems integration, which is a different domain despite 'Earth observation' overlap being superficial. Score: ~25/100. Constraints (10%): The candidate is currently based in France (Laboratoire Geoazur, CNRS), which aligns geographically. Score: ~70/100. Weighted score: (5*0.4) + (20*0.3) + (25*0.2) + (70*0.1) = 2 + 6 + 5 + 7 = 20, rounded to 18 accounting for the critical skill mismatch.",2026-06-06T05:30:54.000Z,2026-08-01,N/A,https://candidat.francetravail.fr/offres/recherche/detail/3535371
2585996,Ingénieur(e) Chargé(e) d'Affaires en Géotechnique,GINGER CEBTP,Mid-level (BAC+5 with first experience in engineering consultancy),"['Establish commercial offers and participate in business development', 'Plan and prepare field investigations and oversee geotechnical campaigns', 'Process and synthesize geotechnical investigation data', 'Develop models and dimension geotechnical structures', 'Write G1 to G5 study reports (NF P 94-500)', 'Manage administrative and financial aspects of projects', 'Participate in QSE management system', ""Travel to field sites (driver's license required)""]","['Geotechnical engineering (G1-G5 missions per NF P 94-500)', 'Diagnostic, design, and construction supervision', 'Soil mechanics', 'Commercial proposal writing', 'Project management (from quote to closure)', 'Client relationship management', 'French language proficiency (working language)']","['AutoCad', 'Talren', 'Rido', 'Foxta']",French,"Elancourt, Yvelines (78), France – On-site with field travel required",28,"Tech alignment (40%): The candidate's tools (Python, C++, ArcGIS, Leapfrog Geo, OpendTect) do not overlap with the job-required tools (AutoCad, Talren, Rido, Foxta), which are geotechnical office software. Score: 5/100. Experience level (30%): The candidate has a BAC+5 equivalent and relevant research/engineering experience, matching the seniority requirement. However, experience is research-oriented rather than in geotechnical consultancy (bureau d'études). Score: 50/100. Domain relevance (20%): The candidate's background is in geophysics, seismology, and numerical geology rather than applied geotechnics (soil mechanics, foundations, retaining structures). Some geological overlap exists but the core domain differs significantly. Score: 35/100. Constraints (10%): The candidate is currently based in France (working at Laboratoire Geoazur), so the Elancourt location is feasible, though relocation may be needed. Score: 60/100. Weighted score: (5×0.4) + (50×0.3) + (35×0.2) + (60×0.1) = 2 + 15 + 7 + 6 = 30 ≈ 28 after rounding conservatively given the strong tool mismatch.",2026-05-13T09:55:58.000Z,2026-08-01,N/A,https://candidat.francetravail.fr/offres/recherche/detail/2585996
9968300,Ingénieur Géotechnicien H/F,N/A,Mid-level / Senior,"['Réalisation, organisation et pilotage de missions G3 (terrassement, hydraulique, soutènement, OA)', 'Établissement de programmes et pilotage des campagnes de reconnaissances géotechniques et géophysiques', ""Réalisation et contrôle des études d'exécution géotechnique : procédures, notes d'hypothèses, notes de calculs de dimensionnement"", 'Définition, organisation, planification et pilotage des études sur les modalités de réutilisation des matériaux', ""Définition, organisation, planification et pilotage de planches d'essais ou de référence"", 'Suivi des travaux et assistance des équipes de laboratoire et de travaux sur chantier', ""Encadrement et formation d'équipes de laboratoire et ingénieurs juniors"", ""Devoir d'alerte de la direction de travaux en cas d'anomalie géotechnique""]","[""Géotechnique appliquée aux grands chantiers (terrassement, soutènement, ouvrages d'art)"", 'Dimensionnement géotechnique', 'Pilotage de campagnes de reconnaissances géotechniques et géophysiques', 'Réutilisation des matériaux', ""Encadrement d'équipes"", 'Gestion de chantier', 'Rédaction de notes techniques et de calcul']","['Logiciels de calcul géotechnique (non spécifiés)', 'Outils de reconnaissance géotechnique et géophysique']",French,"Canal Seine-Nord Europe (chantier en France), présentiel sur chantier",32,"Tech alignment (40%): The candidate has geophysics and geological engineering skills, and some overlap exists with geophysical reconnaissance campaigns. However, the role requires specific geotechnical engineering expertise (G3 missions, dimensionnement géotechnique, soutènement, terrassement) and geotechnical software tools not present in the candidate's profile. Score: 25/100. Experience level (30%): The candidate has research and intern-level experience, not applied geotechnical engineering on major civil infrastructure projects. The role targets a mid-to-senior geotechnical engineer with site supervision and team management responsibilities. Score: 30/100. Domain relevance (20%): The candidate's background is in geophysics, seismology, and numerical geology, which partially overlaps with the geophysical reconnaissance aspects of the role, but the core domain is civil/geotechnical engineering on infrastructure projects, which is quite different. Score: 40/100. Constraints (10%): The role requires full on-site presence in northern France; no remote option. The candidate is currently based in France (Laboratoire Geoazur), so geographic constraint is partially compatible, though relocation to the Canal Seine-Nord Europe site would be needed. Score: 60/100. Weighted score: (25×0.4) + (30×0.3) + (40×0.2) + (60×0.1) = 10 + 9 + 8 + 6 = 33 ≈ 32.",2026-03-06T14:14:40.000Z,2026-08-01,N/A,https://candidat.francetravail.fr/offres/recherche/detail/9968300
5658759,Ergothérapeute (H/F),N/A,"Mid-level (CDI, no specific seniority requirement stated)","['Analyser les difficultés et capacités motrices de chaque enfant', ""Participer à l'élaboration du projet individualisé pour chaque enfant en lien avec l'équipe pluridisciplinaire"", 'Mettre en place des séances et un suivi singulier et en groupe de séances de rééducation, prévention, confort et sécurité', ""Assurer un suivi d'actions contribuant au développement du bien-être et de l'autonomie des usagers"", 'Assurer les écrits professionnels et participer aux réunions et à la vie du service']","['Ergotherapy / Occupational therapy', 'Motor skills assessment', 'Individualized care planning', 'Multidisciplinary teamwork', 'Professional report writing']",['N/A'],French,France (specific city N/A),4,"Tech alignment (40%): ~0/10 — The job requires no tools overlapping with the user's profile (Python, C++, ArcGIS, Leapfrog Geo, OpendTect are entirely unrelated to occupational therapy). Experience level (30%): ~3/10 — The user has relevant professional experience and postgraduate degrees, but in a completely different field; the seniority format (CDI, full-time) is compatible, but the discipline does not match. Domain relevance (20%): ~0/10 — The user's background is in geological engineering, geophysics, and seismology; the job is in healthcare/occupational therapy for children with disabilities (IME-SESSAD context), which is an entirely different domain. Constraints (10%): ~5/10 — The user is currently based in France (working at Geoazur/CNRS), so geographic location is partially compatible, but no remote policy is stated. Overall weighted score: (0×0.4) + (3×0.3) + (0×0.2) + (5×0.1) = 0 + 0.9 + 0 + 0.5 = 1.4/10, scaled to 100 ≈ 4.",2026-08-01T11:51:49.294Z,2026-08-01,N/A,https://candidat.francetravail.fr/offres/recherche/detail/5658759
6130431,Psychologue,N/A,Mid-level,"['Prendre en charge les patients, leur entourage et le personnel individuellement et/ou collectivement', ""Accompagner le personnel pluridisciplinaire et sensibiliser l'équipe aux bases de la psychologie"", 'Mettre en place une évaluation cognitive des résidents dès leur admission', ""Prendre en charge individuellement des patients dans le respect de leur projet d'accompagnement personnalisé"", 'Assister aux réunions pluridisciplinaires des équipes']","['Psychologie clinique', 'Évaluation cognitive', 'Accompagnement des patients', 'Travail en équipe pluridisciplinaire', 'Sensibilisation et formation du personnel']","[""Outils d'évaluation cognitive"", 'N/A']",French,France (N/A - specific city not mentioned),3,"This job posting is for a psychologist role in a healthcare/residential care setting, which is entirely unrelated to the candidate's background in geological engineering, geophysics, and seismology. Tech alignment is essentially 0% as no shared tools exist. Experience level is irrelevant since the domain is completely different. Domain relevance is near 0% as the candidate has no background in psychology, cognitive assessment, or healthcare. The only partial point comes from the France location which aligns with the candidate's current position at Geoazur (CNRS), but even that is a minor factor. Overall, this is a very poor match.",2025-12-02T21:40:40.000Z,2026-08-01,N/A,https://candidat.francetravail.fr/offres/recherche/detail/6130431
